country,iso3_code,region,income_group,year,assessment_type,grade_level,sample_size,reading_word_recognition_pct,reading_comprehension_pct,reading_fluency_cwpm,numeracy_number_recognition_pct,numeracy_addition_pct,numeracy_pattern_recognition_pct,male_reading_proficiency_pct,female_reading_proficiency_pct,rural_reading_proficiency_pct,urban_reading_proficiency_pct
Nigeria,NGA,Sub-Saharan Africa,Lower middle income,2015,EGRA,3,16966,39.71,24.57,35.9,37.94,23.29,18.08,19.59,25.29,6.84,30.39
Nigeria,NGA,Sub-Saharan Africa,Lower middle income,2017,EGRA,2,20194,40.29,32.09,42.6,44.82,38.73,31.22,27.6,36.44,25.63,45.49
Nigeria,NGA,Sub-Saharan Africa,Lower middle income,2019,PISA-D,3,19719,56.01,36.97,36.4,59.77,50.09,45.27,37.63,36.0,27.93,43.43
Nigeria,NGA,Sub-Saharan Africa,Lower middle income,2021,National,2,583,50.75,34.07,38.2,55.21,38.84,27.08,29.92,31.6,21.3,41.65
Nigeria,NGA,Sub-Saharan Africa,Lower middle income,2023,EGRA,2,9912,51.28,34.64,44.2,54.73,37.95,26.48,35.3,37.5,17.77,48.79
Nigeria,NGA,Sub-Saharan Africa,Lower middle income,2025,EGRA,3,876,55.79,47.14,47.2,59.46,48.01,44.09,47.81,48.45,39.59,52.32
Ethiopia,ETH,Sub-Saharan Africa,Low income,2015,National,3,7388,10.34,2.0,25.2,11.19,4.09,2.0,2.0,3.12,1.0,6.86
Ethiopia,ETH,Sub-Saharan Africa,Low income,2017,PISA-D,3,11892,8.75,3.5,15.9,15.53,9.2,3.19,4.53,5.89,1.0,14.79
Ethiopia,ETH,Sub-Saharan Africa,Low income,2019,ASER,3,24943,21.32,4.21,19.5,18.43,8.19,2.0,6.71,2.0,1.0,16.2
Ethiopia,ETH,Sub-Saharan Africa,Low income,2021,EGRA,3,3438,17.63,2.0,25.5,24.53,13.45,7.1,2.0,3.19,1.0,16.32
Ethiopia,ETH,Sub-Saharan Africa,Low income,2023,SACMEQ,3,15489,19.01,13.21,15.0,14.23,3.0,2.0,11.99,14.1,1.0,20.44
Ethiopia,ETH,Sub-Saharan Africa,Low income,2025,PIRLS,3,1310,12.18,3.83,23.3,14.07,3.0,2.0,4.37,4.72,1.0,12.11
DR Congo,COD,Sub-Saharan Africa,Low income,2015,ASER,3,15608,19.84,13.98,8.9,18.74,9.8,2.0,9.71,18.76,1.82,27.07
DR Congo,COD,Sub-Saharan Africa,Low income,2017,PISA-D,2,13567,14.9,8.56,25.9,19.96,9.58,2.12,4.25,11.43,1.0,20.42
DR Congo,COD,Sub-Saharan Africa,Low income,2019,National,2,14440,24.4,18.7,25.2,25.83,12.62,9.09,16.47,15.76,11.41,27.68
DR Congo,COD,Sub-Saharan Africa,Low income,2021,National,3,17691,5.0,2.0,30.2,8.71,3.0,2.0,2.0,5.75,1.0,10.63
DR Congo,COD,Sub-Saharan Africa,Low income,2023,SACMEQ,3,18981,21.54,14.64,22.3,22.83,9.0,2.0,11.87,18.84,9.58,28.19
DR Congo,COD,Sub-Saharan Africa,Low income,2025,National,2,19358,23.4,6.52,33.6,18.6,3.0,2.0,5.97,10.22,1.0,12.67
Tanzania,TZA,Sub-Saharan Africa,Lower middle income,2015,PASEC,2,2101,51.86,45.9,40.3,58.92,41.25,31.64,42.98,46.52,30.33,51.47
Tanzania,TZA,Sub-Saharan Africa,Lower middle income,2017,EGRA,3,15902,42.84,34.06,29.0,40.65,30.18,18.24,29.2,36.7,22.5,47.19
Tanzania,TZA,Sub-Saharan Africa,Lower middle income,2019,PIRLS,3,8001,48.67,43.51,46.0,48.36,32.21,24.4,42.55,44.66,29.95,50.49
Tanzania,TZA,Sub-Saharan Africa,Lower middle income,2021,EGRA,3,22595,41.35,35.6,41.2,41.18,24.14,14.92,31.27,32.71,29.06,41.93
Tanzania,TZA,Sub-Saharan Africa,Lower middle income,2023,National,3,18843,43.22,30.32,34.6,39.71,21.87,17.4,29.96,32.74,16.67,39.73
Tanzania,TZA,Sub-Saharan Africa,Lower middle income,2025,PISA-D,3,18461,56.24,46.28,51.8,58.11,44.28,32.49,46.7,49.06,40.61,58.2
Kenya,KEN,Sub-Saharan Africa,Lower middle income,2015,National,3,14690,34.12,25.12,37.9,29.55,20.07,11.62,24.64,24.74,6.94,29.71
Kenya,KEN,Sub-Saharan Africa,Lower middle income,2017,PASEC,3,9315,42.52,37.0,32.8,45.29,38.93,35.41,35.25,38.36,30.39,49.3
Kenya,KEN,Sub-Saharan Africa,Lower middle income,2019,MICS,2,5410,35.07,18.72,48.2,31.98,18.56,12.87,14.36,22.51,1.78,23.46
Kenya,KEN,Sub-Saharan Africa,Lower middle income,2021,National,3,12294,32.06,23.12,43.3,39.11,23.76,19.12,22.34,26.29,8.9,35.21
Kenya,KEN,Sub-Saharan Africa,Lower middle income,2023,PASEC,3,23196,44.63,34.14,48.0,51.65,39.37,28.56,34.31,33.14,22.09,47.23
Kenya,KEN,Sub-Saharan Africa,Lower middle income,2025,National,3,17253,46.11,39.61,38.3,46.41,40.01,33.24,38.13,39.3,29.95,51.7
Uganda,UGA,Sub-Saharan Africa,Low income,2015,National,3,18779,9.24,2.0,20.6,12.22,3.0,2.0,3.93,6.7,1.0,15.11
Uganda,UGA,Sub-Saharan Africa,Low income,2017,MICS,3,10876,7.13,2.0,22.9,13.63,7.2,2.82,4.28,4.79,1.0,12.59
Uganda,UGA,Sub-Saharan Africa,Low income,2019,National,2,14867,6.53,2.0,25.0,9.72,3.0,2.0,2.0,5.51,1.0,13.87
Uganda,UGA,Sub-Saharan Africa,Low income,2021,SACMEQ,3,6498,20.42,4.3,28.8,24.61,11.34,4.35,2.0,8.41,1.0,8.92
Uganda,UGA,Sub-Saharan Africa,Low income,2023,PISA-D,3,2606,8.6,2.0,15.1,10.16,3.0,2.0,2.0,2.0,1.0,13.39
Uganda,UGA,Sub-Saharan Africa,Low income,2025,SACMEQ,3,12628,20.54,4.96,34.4,24.38,8.81,2.57,3.35,8.36,1.0,17.48
Mozambique,MOZ,Sub-Saharan Africa,Low income,2015,EGRA,2,24995,20.98,12.25,20.1,16.09,3.0,2.0,11.33,11.64,1.0,17.67
Mozambique,MOZ,Sub-Saharan Africa,Low income,2017,PISA-D,2,15225,5.0,2.0,15.2,10.66,3.0,2.0,3.56,2.0,1.0,14.43
Mozambique,MOZ,Sub-Saharan Africa,Low income,2019,MICS,2,507,7.08,2.0,18.0,8.0,3.0,2.0,2.0,3.05,1.0,15.88
Mozambique,MOZ,Sub-Saharan Africa,Low income,2021,National,2,20492,26.02,12.06,19.6,25.1,10.85,3.24,13.28,10.61,1.0,27.06
Mozambique,MOZ,Sub-Saharan Africa,Low income,2023,PASEC,2,4458,17.51,11.24,27.9,19.88,9.32,2.0,7.11,12.98,1.0,14.9
Mozambique,MOZ,Sub-Saharan Africa,Low income,2025,MICS,3,22404,5.88,2.0,18.2,11.48,3.0,2.0,2.0,2.08,1.0,16.32
Ghana,GHA,Sub-Saharan Africa,Lower middle income,2015,ASER,2,668,38.82,26.51,30.6,41.54,29.92,24.68,26.61,30.91,7.95,38.54
Ghana,GHA,Sub-Saharan Africa,Lower middle income,2017,ASER,3,23101,38.94,21.28,28.1,37.1,31.16,21.59,22.92,23.01,4.88,28.62
Ghana,GHA,Sub-Saharan Africa,Lower middle income,2019,PIRLS,2,15998,37.56,19.91,41.0,35.51,27.92,21.17,17.18,24.21,9.07,26.47
Ghana,GHA,Sub-Saharan Africa,Lower middle income,2021,PIRLS,3,3266,45.06,25.29,37.2,45.7,35.59,26.86,24.28,24.77,7.97,30.34
Ghana,GHA,Sub-Saharan Africa,Lower middle income,2023,PISA-D,2,4935,33.83,18.15,34.1,30.2,19.02,14.33,15.05,21.98,5.41,30.16
Ghana,GHA,Sub-Saharan Africa,Lower middle income,2025,SACMEQ,3,13292,50.92,44.62,50.9,51.01,41.79,38.32,46.61,48.51,34.02,51.55
Mali,MLI,Sub-Saharan Africa,Low income,2015,PIRLS,2,12820,16.48,10.36,22.2,21.39,9.02,4.24,12.04,10.72,1.0,20.83
Mali,MLI,Sub-Saharan Africa,Low income,2017,MICS,2,13258,7.56,2.0,12.5,8.0,3.0,2.0,2.0,2.0,1.0,12.14
Mali,MLI,Sub-Saharan Africa,Low income,2019,EGRA,2,11871,24.24,12.06,13.4,23.8,18.32,8.58,14.42,12.0,1.0,19.15
Mali,MLI,Sub-Saharan Africa,Low income,2021,ASER,2,1338,6.81,2.0,26.8,8.0,3.0,2.0,2.0,2.03,1.0,10.43
Mali,MLI,Sub-Saharan Africa,Low income,2023,National,3,22873,20.07,8.36,19.3,25.9,8.38,2.0,6.39,5.89,2.93,17.68
Mali,MLI,Sub-Saharan Africa,Low income,2025,SACMEQ,3,11183,12.71,2.0,27.4,12.97,3.0,2.0,2.0,2.0,1.0,10.43
Niger,NER,Sub-Saharan Africa,Low income,2015,EGRA,3,15788,25.82,17.06,9.8,23.41,18.39,15.3,16.91,20.61,1.0,27.26
Niger,NER,Sub-Saharan Africa,Low income,2017,PIRLS,2,19874,5.0,2.0,11.2,8.0,3.0,2.0,4.11,2.0,1.0,7.77
Niger,NER,Sub-Saharan Africa,Low income,2019,PASEC,3,20925,12.01,2.0,24.5,10.8,3.0,2.0,2.0,4.81,1.0,7.93
Niger,NER,Sub-Saharan Africa,Low income,2021,ASER,3,20102,12.72,5.7,25.1,15.27,3.0,2.0,7.53,8.17,1.0,10.83
Niger,NER,Sub-Saharan Africa,Low income,2023,PASEC,2,18435,23.83,13.96,34.3,19.07,5.67,2.0,12.02,14.88,4.04,20.54
Niger,NER,Sub-Saharan Africa,Low income,2025,PISA-D,2,6905,12.73,2.0,27.4,8.36,3.0,2.0,2.0,2.0,1.0,10.42
Burkina Faso,BFA,Sub-Saharan Africa,Low income,2015,PIRLS,2,21741,21.53,11.59,22.6,16.96,3.0,2.0,11.13,10.09,1.0,15.14
Burkina Faso,BFA,Sub-Saharan Africa,Low income,2017,MICS,3,21499,12.42,2.0,23.5,13.01,6.99,3.88,2.27,2.0,1.0,12.54
Burkina Faso,BFA,Sub-Saharan Africa,Low income,2019,PASEC,3,23796,22.28,6.97,26.5,18.3,13.24,3.85,6.75,11.45,1.0,16.12
Burkina Faso,BFA,Sub-Saharan Africa,Low income,2021,MICS,2,21656,17.37,7.84,20.9,14.65,3.0,2.0,10.61,12.02,1.0,17.11
Burkina Faso,BFA,Sub-Saharan Africa,Low income,2023,PASEC,2,5755,6.02,2.0,17.1,10.64,3.0,2.0,2.0,5.39,1.0,14.63
Burkina Faso,BFA,Sub-Saharan Africa,Low income,2025,PIRLS,3,9439,18.18,6.23,22.6,16.44,3.0,2.0,5.96,4.69,1.0,20.5
Malawi,MWI,Sub-Saharan Africa,Low income,2015,PISA-D,3,3077,18.4,7.14,8.4,21.76,9.79,3.46,6.27,5.95,1.0,18.76
Malawi,MWI,Sub-Saharan Africa,Low income,2017,PISA-D,3,6634,16.22,2.91,10.8,19.44,5.69,2.0,2.0,7.88,1.0,10.66
Malawi,MWI,Sub-Saharan Africa,Low income,2019,ASER,2,9132,11.18,2.0,16.2,8.0,3.0,2.0,2.49,2.33,1.0,5.41
Malawi,MWI,Sub-Saharan Africa,Low income,2021,National,3,14122,5.0,2.0,25.1,8.0,3.0,2.0,2.0,3.2,1.0,13.99
Malawi,MWI,Sub-Saharan Africa,Low income,2023,SACMEQ,3,6298,18.16,6.39,20.6,26.0,19.74,11.47,3.64,10.09,1.0,12.28
Malawi,MWI,Sub-Saharan Africa,Low income,2025,ASER,3,15068,20.7,7.82,25.8,23.09,8.16,4.31,9.3,8.41,2.77,15.05
Senegal,SEN,Sub-Saharan Africa,Lower middle income,2015,EGRA,3,3598,44.44,24.52,29.4,42.67,33.5,27.76,21.74,26.64,8.33,39.28
Senegal,SEN,Sub-Saharan Africa,Lower middle income,2017,PASEC,2,660,52.0,39.54,35.3,48.49,34.96,24.91,37.54,43.9,34.3,43.27
Senegal,SEN,Sub-Saharan Africa,Lower middle income,2019,EGRA,3,21657,48.89,39.87,47.1,46.41,37.65,25.75,39.42,38.3,24.85,44.35
Senegal,SEN,Sub-Saharan Africa,Lower middle income,2021,ASER,3,18360,47.99,38.78,45.3,48.28,41.1,32.72,41.08,38.95,31.83,49.09
Senegal,SEN,Sub-Saharan Africa,Lower middle income,2023,PIRLS,2,12032,33.55,16.6,40.8,34.76,26.65,18.97,18.48,14.13,1.0,24.42
Senegal,SEN,Sub-Saharan Africa,Lower middle income,2025,PIRLS,3,18915,33.41,26.85,39.6,37.95,25.28,19.4,28.53,28.64,9.81,32.17
Chad,TCD,Sub-Saharan Africa,Low income,2015,PASEC,2,20841,8.78,2.72,9.9,10.74,5.1,2.0,2.38,2.0,1.0,10.21
Chad,TCD,Sub-Saharan Africa,Low income,2017,SACMEQ,2,19172,11.38,2.0,16.5,13.3,3.0,2.0,2.0,4.9,1.0,9.94
Chad,TCD,Sub-Saharan Africa,Low income,2019,SACMEQ,3,22464,9.26,2.0,22.3,8.0,3.0,2.0,2.63,2.0,1.0,16.79
Chad,TCD,Sub-Saharan Africa,Low income,2021,PIRLS,2,9141,5.95,2.0,22.6,8.0,3.0,2.0,2.0,5.38,1.0,6.72
Chad,TCD,Sub-Saharan Africa,Low income,2023,EGRA,3,6112,5.0,2.0,32.0,8.0,3.0,2.0,2.96,4.98,1.0,9.49
Chad,TCD,Sub-Saharan Africa,Low income,2025,EGRA,2,12173,5.0,2.0,18.8,10.27,3.0,2.0,2.0,2.44,1.0,6.71
South Sudan,SSD,Sub-Saharan Africa,Low income,2015,PIRLS,2,17101,5.0,2.0,13.1,8.0,3.0,2.0,2.36,5.11,1.0,8.88
South Sudan,SSD,Sub-Saharan Africa,Low income,2017,ASER,3,19771,21.19,2.45,29.5,21.71,14.23,6.64,2.0,2.0,1.0,14.64
South Sudan,SSD,Sub-Saharan Africa,Low income,2019,EGRA,3,10808,10.38,2.0,29.9,14.06,3.0,2.0,2.0,5.9,1.0,15.18
South Sudan,SSD,Sub-Saharan Africa,Low income,2021,PIRLS,3,8892,11.67,2.0,15.2,19.49,3.0,2.0,3.87,6.89,1.0,13.02
South Sudan,SSD,Sub-Saharan Africa,Low income,2023,EGRA,2,13988,18.88,4.17,28.7,19.69,14.58,6.51,2.0,2.0,1.0,7.21
South Sudan,SSD,Sub-Saharan Africa,Low income,2025,SACMEQ,3,1005,5.0,2.0,31.5,8.0,3.0,2.0,2.0,5.5,1.0,14.0
Rwanda,RWA,Sub-Saharan Africa,Low income,2015,MICS,2,8207,25.03,17.22,10.1,24.73,15.51,12.38,15.29,17.84,12.04,23.47
Rwanda,RWA,Sub-Saharan Africa,Low income,2017,MICS,3,4531,17.78,7.38,11.3,19.39,4.35,2.0,6.01,5.92,1.0,19.96
Rwanda,RWA,Sub-Saharan Africa,Low income,2019,EGRA,3,10821,14.15,5.17,17.6,13.39,3.0,2.0,2.0,7.96,1.0,12.05
Rwanda,RWA,Sub-Saharan Africa,Low income,2021,National,2,13744,19.9,3.67,18.8,20.71,15.61,7.29,3.53,5.95,1.0,9.39
Rwanda,RWA,Sub-Saharan Africa,Low income,2023,ASER,2,19966,15.48,9.8,20.4,22.56,4.6,2.0,5.36,7.45,1.0,16.52
Rwanda,RWA,Sub-Saharan Africa,Low income,2025,National,3,22648,18.82,8.52,31.7,14.89,3.0,2.0,9.08,5.6,1.0,22.54
Guinea,GIN,Sub-Saharan Africa,Low income,2015,EGRA,3,16925,5.61,2.0,11.0,8.0,3.0,2.0,2.0,3.85,1.0,8.55
Guinea,GIN,Sub-Saharan Africa,Low income,2017,SACMEQ,3,10064,16.31,7.22,14.8,24.28,9.0,2.0,4.26,6.84,1.0,10.87
Guinea,GIN,Sub-Saharan Africa,Low income,2019,ASER,2,24597,21.25,14.41,27.4,26.4,21.29,11.42,11.13,15.35,1.0,28.63
Guinea,GIN,Sub-Saharan Africa,Low income,2021,PISA-D,2,9721,19.13,12.92,21.1,20.13,8.0,2.0,11.69,12.87,1.0,15.98
Guinea,GIN,Sub-Saharan Africa,Low income,2023,ASER,3,24326,25.64,12.28,30.4,21.58,7.31,3.23,9.79,10.74,4.79,15.46
Guinea,GIN,Sub-Saharan Africa,Low income,2025,EGRA,3,14152,15.63,5.21,21.6,12.61,4.65,2.0,2.14,6.07,1.0,15.73
Sierra Leone,SLE,Sub-Saharan Africa,Low income,2015,ASER,2,18265,7.43,2.0,20.9,8.0,3.0,2.0,2.38,2.0,1.0,15.55
Sierra Leone,SLE,Sub-Saharan Africa,Low income,2017,ASER,2,18878,6.81,2.0,24.4,8.0,3.0,2.0,4.84,5.03,1.0,9.73
Sierra Leone,SLE,Sub-Saharan Africa,Low income,2019,MICS,2,5812,5.0,2.0,16.7,12.25,3.0,2.0,2.53,2.0,1.0,14.3
Sierra Leone,SLE,Sub-Saharan Africa,Low income,2021,EGRA,2,1722,10.72,2.0,13.0,13.07,4.97,2.0,4.96,4.28,1.0,12.0
Sierra Leone,SLE,Sub-Saharan Africa,Low income,2023,PIRLS,3,20060,7.43,2.0,29.6,8.0,3.0,2.0,2.0,6.48,1.0,14.66
Sierra Leone,SLE,Sub-Saharan Africa,Low income,2025,SACMEQ,2,14418,12.96,2.0,27.4,19.49,4.51,2.0,2.07,2.8,1.0,13.35
Cameroon,CMR,Sub-Saharan Africa,Lower middle income,2015,PIRLS,3,14108,33.87,18.17,32.8,31.09,18.57,9.09,14.37,20.67,3.61,29.59
Cameroon,CMR,Sub-Saharan Africa,Lower middle income,2017,PISA-D,3,8341,53.59,42.83,38.6,52.96,46.51,43.21,41.78,41.42,37.81,49.05
Cameroon,CMR,Sub-Saharan Africa,Lower middle income,2019,PISA-D,2,4602,43.36,36.75,32.9,46.79,40.08,30.09,39.01,39.25,25.29,40.24
Cameroon,CMR,Sub-Saharan Africa,Lower middle income,2021,PIRLS,2,22178,50.25,39.05,47.2,51.14,35.35,23.6,39.36,43.23,33.88,46.08
Cameroon,CMR,Sub-Saharan Africa,Lower middle income,2023,PISA-D,3,5339,39.62,21.9,42.4,35.44,23.4,14.89,19.31,25.25,10.42,33.87
Cameroon,CMR,Sub-Saharan Africa,Lower middle income,2025,PASEC,2,1043,46.94,36.46,44.1,42.41,31.41,24.58,38.49,40.81,18.16,41.19
South Africa,ZAF,Sub-Saharan Africa,Upper middle income,2015,SACMEQ,3,14193,75.85,59.76,63.9,75.51,66.58,57.95,55.52,59.89,41.27,74.48
South Africa,ZAF,Sub-Saharan Africa,Upper middle income,2017,SACMEQ,3,5043,76.45,57.81,62.2,73.88,64.94,57.28,53.14,59.68,49.27,62.42
South Africa,ZAF,Sub-Saharan Africa,Upper middle income,2019,EGRA,2,18620,75.5,61.77,49.1,80.03,73.33,68.19,59.64,58.8,44.25,75.5
South Africa,ZAF,Sub-Saharan Africa,Upper middle income,2021,MICS,3,11664,71.37,53.92,60.9,74.45,60.13,52.92,49.59,53.39,47.61,59.21
South Africa,ZAF,Sub-Saharan Africa,Upper middle income,2023,ASER,2,22057,85.39,75.08,65.7,84.85,74.64,69.24,76.19,76.16,65.42,88.65
South Africa,ZAF,Sub-Saharan Africa,Upper middle income,2025,MICS,2,15918,80.85,74.41,56.4,77.97,66.46,62.23,74.17,76.07,56.94,87.04
India,IND,South Asia,Lower middle income,2015,MICS,2,22754,37.36,30.52,33.2,34.95,17.81,11.84,28.33,27.73,20.49,34.79
India,IND,South Asia,Lower middle income,2017,PIRLS,3,23675,56.15,45.87,32.7,63.96,47.55,37.6,43.6,45.29,32.96,58.75
India,IND,South Asia,Lower middle income,2019,ASER,2,18902,54.88,41.56,28.7,59.42,51.24,42.77,41.33,41.38,30.69,50.24
India,IND,South Asia,Lower middle income,2021,SACMEQ,3,7085,49.74,33.31,38.7,52.81,44.48,36.81,28.62,33.48,21.51,45.64
India,IND,South Asia,Lower middle income,2023,ASER,3,15549,52.68,42.73,37.1,59.4,43.88,35.75,44.29,39.75,32.25,46.21
India,IND,South Asia,Lower middle income,2025,National,3,22566,48.68,41.29,37.5,56.19,50.01,41.85,38.54,39.76,34.9,54.78
Pakistan,PAK,South Asia,Lower middle income,2015,SACMEQ,2,5686,46.05,26.94,42.1,42.97,36.26,31.29,28.26,26.99,21.23,34.11
Pakistan,PAK,South Asia,Lower middle income,2017,PISA-D,2,16387,32.72,17.3,42.4,28.5,11.62,7.08,19.12,18.46,10.12,32.27
Pakistan,PAK,South Asia,Lower middle income,2019,MICS,3,17645,35.76,21.87,32.3,42.7,33.79,22.51,23.55,24.29,8.36,33.43
Pakistan,PAK,South Asia,Lower middle income,2021,PISA-D,2,21442,51.25,34.04,31.3,47.89,32.89,27.5,34.06,34.83,20.16,46.69
Pakistan,PAK,South Asia,Lower middle income,2023,PIRLS,2,10298,47.98,40.27,34.1,43.35,32.37,28.45,36.22,44.42,21.35,45.8
Pakistan,PAK,South Asia,Lower middle income,2025,ASER,3,5020,41.26,30.42,33.4,37.44,20.73,17.64,26.38,27.84,20.12,41.07
Bangladesh,BGD,South Asia,Lower middle income,2015,EGRA,2,17978,37.57,22.99,43.3,33.73,26.78,17.07,24.35,27.63,14.13,28.77
Bangladesh,BGD,South Asia,Lower middle income,2017,PASEC,3,19263,40.59,23.35,31.5,39.37,30.33,23.28,19.89,27.35,14.08,35.1
Bangladesh,BGD,South Asia,Lower middle income,2019,MICS,3,12970,49.71,41.68,39.4,48.9,43.13,38.85,40.14,39.25,33.52,56.41
Bangladesh,BGD,South Asia,Lower middle income,2021,PIRLS,2,3302,54.34,34.75,49.5,61.61,43.88,40.37,37.05,35.52,23.1,45.19
Bangladesh,BGD,South Asia,Lower middle income,2023,PIRLS,3,11431,46.82,34.66,37.8,51.56,39.54,28.49,35.34,38.82,19.29,48.25
Bangladesh,BGD,South Asia,Lower middle income,2025,SACMEQ,3,1862,40.69,27.64,36.3,38.04,30.62,25.38,25.36,24.85,11.49,37.32
Afghanistan,AFG,South Asia,Low income,2015,PASEC,2,10098,5.85,2.0,26.5,8.0,3.0,2.0,2.19,2.0,1.0,12.91
Afghanistan,AFG,South Asia,Low income,2017,SACMEQ,3,12205,18.14,8.27,14.4,24.27,14.87,9.84,9.81,9.7,1.87,22.91
Afghanistan,AFG,South Asia,Low income,2019,PIRLS,3,6683,22.12,12.2,28.1,17.44,3.0,2.0,14.5,12.91,1.0,18.7
Afghanistan,AFG,South Asia,Low income,2021,MICS,3,14349,26.48,9.45,21.6,22.21,8.4,2.0,11.2,12.06,1.0,19.78
Afghanistan,AFG,South Asia,Low income,2023,ASER,2,24157,5.68,2.0,29.3,8.0,3.0,2.0,2.08,6.97,1.0,14.0
Afghanistan,AFG,South Asia,Low income,2025,MICS,2,10811,18.38,2.0,17.5,25.37,13.12,8.13,2.0,2.0,1.0,15.51
Nepal,NPL,South Asia,Lower middle income,2015,PIRLS,2,1431,52.77,38.55,38.8,58.31,51.53,45.6,36.77,41.88,19.88,47.1
Nepal,NPL,South Asia,Lower middle income,2017,EGRA,2,12773,39.76,29.59,32.7,47.64,39.13,35.61,31.12,27.66,12.58,43.9
Nepal,NPL,South Asia,Lower middle income,2019,EGRA,3,10417,33.43,17.6,41.1,32.04,14.55,7.6,15.1,15.26,1.0,30.41
Nepal,NPL,South Asia,Lower middle income,2021,PASEC,2,20144,38.9,19.9,42.5,41.82,26.56,18.95,22.85,23.56,5.03,23.52
Nepal,NPL,South Asia,Lower middle income,2023,PASEC,2,3982,32.21,23.63,31.9,34.72,25.39,18.0,21.7,27.93,15.07,27.13
Nepal,NPL,South Asia,Lower middle income,2025,ASER,3,4019,37.89,20.83,43.7,37.23,30.49,20.56,16.77,21.76,6.05,26.42
Sri Lanka,LKA,South Asia,Lower middle income,2015,EGRA,3,9103,51.75,43.71,30.6,47.56,36.77,29.55,46.58,44.9,26.64,51.22
Sri Lanka,LKA,South Asia,Lower middle income,2017,SACMEQ,2,11896,46.97,40.37,27.2,44.42,33.49,26.12,37.23,40.23,31.89,49.69
Sri Lanka,LKA,South Asia,Lower middle income,2019,National,3,4462,40.09,22.85,38.0,35.72,18.92,8.92,20.44,24.24,8.74,35.44
Sri Lanka,LKA,South Asia,Lower middle income,2021,PASEC,3,22898,50.86,41.08,38.9,56.61,44.66,34.48,37.42,43.44,21.64,51.83
Sri Lanka,LKA,South Asia,Lower middle income,2023,National,3,3204,51.13,37.34,39.3,50.82,45.33,33.98,37.93,41.46,31.46,47.09
Sri Lanka,LKA,South Asia,Lower middle income,2025,EGRA,2,16714,54.16,42.11,47.2,55.79,38.51,32.03,38.08,46.88,36.05,46.2
Indonesia,IDN,East Asia & Pacific,Upper middle income,2015,SACMEQ,3,22195,70.79,62.95,52.8,75.23,63.04,53.39,61.24,60.49,43.38,65.96
Indonesia,IDN,East Asia & Pacific,Upper middle income,2017,PASEC,2,11149,77.58,70.85,57.8,76.51,58.8,48.13,71.61,70.94,62.88,76.55
Indonesia,IDN,East Asia & Pacific,Upper middle income,2019,PISA-D,3,11074,82.52,64.49,59.7,86.8,76.91,70.91,67.17,66.78,51.11,72.5
Indonesia,IDN,East Asia & Pacific,Upper middle income,2021,National,3,10778,86.53,74.4,55.2,86.52,73.82,64.78,72.59,73.5,55.8,78.11
Indonesia,IDN,East Asia & Pacific,Upper middle income,2023,PIRLS,2,15671,63.69,44.74,54.4,61.58,51.29,46.83,42.84,42.61,35.88,54.98
Indonesia,IDN,East Asia & Pacific,Upper middle income,2025,PASEC,3,11972,80.32,73.56,60.2,83.67,66.61,57.03,70.1,73.18,66.04,85.19
Philippines,PHL,East Asia & Pacific,Lower middle income,2015,PISA-D,3,7475,41.37,29.62,39.0,47.17,40.85,31.43,26.59,29.44,21.64,40.28
Philippines,PHL,East Asia & Pacific,Lower middle income,2017,PIRLS,3,24847,41.14,31.5,28.3,49.08,31.51,27.69,29.91,33.86,26.46,41.61
Philippines,PHL,East Asia & Pacific,Lower middle income,2019,PIRLS,3,9269,37.34,18.34,43.0,42.83,26.48,18.91,15.88,15.52,8.88,26.72
Philippines,PHL,East Asia & Pacific,Lower middle income,2021,ASER,2,10986,36.1,16.1,37.0,35.86,29.71,22.97,11.51,16.81,1.0,25.06
Philippines,PHL,East Asia & Pacific,Lower middle income,2023,SACMEQ,3,9138,47.55,28.41,50.2,54.04,48.29,41.62,26.49,27.32,10.93,42.38
Philippines,PHL,East Asia & Pacific,Lower middle income,2025,PIRLS,3,8177,48.6,40.04,36.2,50.89,42.73,31.17,40.58,39.9,33.22,54.89
Myanmar,MMR,East Asia & Pacific,Lower middle income,2015,ASER,2,18892,32.01,21.33,36.1,38.48,22.31,14.78,17.82,19.89,7.79,35.59
Myanmar,MMR,East Asia & Pacific,Lower middle income,2017,EGRA,3,10116,55.13,38.62,29.6,52.88,40.54,33.15,37.83,36.27,31.24,44.49
Myanmar,MMR,East Asia & Pacific,Lower middle income,2019,National,3,13589,37.7,23.93,39.1,41.12,27.45,21.43,23.26,21.88,18.77,29.14
Myanmar,MMR,East Asia & Pacific,Lower middle income,2021,MICS,3,22589,39.21,27.34,32.0,35.76,26.18,18.6,23.61,25.47,13.93,36.85
Myanmar,MMR,East Asia & Pacific,Lower middle income,2023,PISA-D,3,3613,39.8,23.07,33.6,45.88,28.63,23.6,22.31,27.14,13.93,31.83
Myanmar,MMR,East Asia & Pacific,Lower middle income,2025,National,2,14407,48.03,40.63,45.1,51.07,41.78,35.45,37.24,40.47,22.52,47.03
Cambodia,KHM,East Asia & Pacific,Lower middle income,2015,ASER,3,2467,53.83,42.08,35.3,55.19,43.76,34.86,42.27,42.43,23.17,56.63
Cambodia,KHM,East Asia & Pacific,Lower middle income,2017,PISA-D,2,844,52.74,35.42,38.3,58.93,48.79,36.95,33.48,32.98,28.34,39.3
Cambodia,KHM,East Asia & Pacific,Lower middle income,2019,SACMEQ,3,4779,47.91,31.87,46.4,50.75,45.31,39.14,27.91,32.99,20.65,42.52
Cambodia,KHM,East Asia & Pacific,Lower middle income,2021,ASER,3,16095,42.81,34.57,31.7,43.78,26.5,16.83,30.39,37.0,17.24,44.85
Cambodia,KHM,East Asia & Pacific,Lower middle income,2023,National,3,885,56.7,43.2,51.1,60.27,44.19,38.95,41.97,43.87,23.3,55.17
Cambodia,KHM,East Asia & Pacific,Lower middle income,2025,MICS,2,21349,44.44,36.37,42.9,51.46,40.2,36.01,37.65,35.4,30.01,49.96
Laos,LAO,East Asia & Pacific,Lower middle income,2015,EGRA,3,11202,42.27,36.94,38.5,37.69,28.93,19.97,37.83,39.22,19.5,47.57
Laos,LAO,East Asia & Pacific,Lower middle income,2017,MICS,2,15479,40.74,25.97,36.2,41.37,31.59,21.69,27.31,27.46,20.07,38.57
Laos,LAO,East Asia & Pacific,Lower middle income,2019,SACMEQ,3,3088,34.48,16.23,40.2,37.04,29.65,21.21,14.99,19.94,2.44,22.35
Laos,LAO,East Asia & Pacific,Lower middle income,2021,PASEC,2,3632,49.68,34.98,36.0,56.88,40.59,35.86,31.45,35.2,25.21,41.77
Laos,LAO,East Asia & Pacific,Lower middle income,2023,PIRLS,3,7689,37.0,20.78,49.1,37.01,30.75,24.85,23.27,21.75,5.87,24.95
Laos,LAO,East Asia & Pacific,Lower middle income,2025,National,2,20360,32.54,14.91,38.9,31.27,16.27,8.98,10.73,12.5,7.93,21.83
Papua New Guinea,PNG,East Asia & Pacific,Lower middle income,2015,PIRLS,3,3261,54.84,35.29,44.8,50.69,45.47,37.65,35.74,39.92,24.69,47.48
Papua New Guinea,PNG,East Asia & Pacific,Lower middle income,2017,PISA-D,2,4040,34.32,16.06,35.4,41.09,34.29,23.31,18.66,15.32,6.44,24.43
Papua New Guinea,PNG,East Asia & Pacific,Lower middle income,2019,MICS,3,14247,36.19,22.73,40.8,40.54,24.96,16.61,24.18,24.62,6.78,34.79
Papua New Guinea,PNG,East Asia & Pacific,Lower middle income,2021,MICS,2,18530,51.0,32.87,37.6,51.04,40.96,32.79,29.52,31.08,24.05,41.05
Papua New Guinea,PNG,East Asia & Pacific,Lower middle income,2023,PASEC,3,22057,34.56,25.77,35.7,42.27,34.47,30.16,25.77,28.12,8.13,36.38
Papua New Guinea,PNG,East Asia & Pacific,Lower middle income,2025,ASER,3,11884,46.02,27.98,43.4,47.79,32.54,23.3,29.43,29.0,18.93,31.85
China,CHN,East Asia & Pacific,Upper middle income,2015,ASER,3,8867,78.6,71.11,56.7,84.24,79.06,69.23,68.51,73.96,54.85,76.71
China,CHN,East Asia & Pacific,Upper middle income,2017,National,3,8695,86.15,73.34,54.2,90.93,74.48,65.82,70.62,70.54,58.04,79.94
China,CHN,East Asia & Pacific,Upper middle income,2019,MICS,3,4865,70.61,52.27,52.6,68.55,55.96,48.55,53.68,50.79,41.71,66.23
China,CHN,East Asia & Pacific,Upper middle income,2021,MICS,3,12499,81.09,66.33,51.7,82.81,74.61,69.21,63.47,70.19,52.64,81.17
China,CHN,East Asia & Pacific,Upper middle income,2023,SACMEQ,3,7012,66.11,49.08,63.0,71.87,60.33,49.75,49.84,47.26,37.83,61.09
China,CHN,East Asia & Pacific,Upper middle income,2025,ASER,3,17286,73.99,68.54,54.2,74.79,67.66,58.5,66.11,72.86,60.84,80.18
Vietnam,VNM,East Asia & Pacific,Lower middle income,2015,PISA-D,3,7653,36.12,16.93,39.8,40.75,23.45,14.47,15.74,15.35,2.98,20.73
Vietnam,VNM,East Asia & Pacific,Lower middle income,2017,MICS,3,2615,44.08,28.73,31.4,40.15,24.82,21.23,23.86,31.7,13.99,41.53
Vietnam,VNM,East Asia & Pacific,Lower middle income,2019,SACMEQ,3,20698,53.1,47.46,30.2,48.47,35.59,24.61,48.05,51.73,39.74,61.45
Vietnam,VNM,East Asia & Pacific,Lower middle income,2021,EGRA,3,16531,41.62,29.46,48.9,47.14,33.46,27.01,26.95,29.91,12.13,34.2
Vietnam,VNM,East Asia & Pacific,Lower middle income,2023,ASER,3,12299,37.01,23.48,46.9,41.22,28.4,24.31,21.58,23.43,11.79,33.36
Vietnam,VNM,East Asia & Pacific,Lower middle income,2025,PIRLS,2,18917,48.26,38.7,50.7,50.98,35.96,25.53,41.69,42.81,22.33,48.82
Thailand,THA,East Asia & Pacific,Upper middle income,2015,PIRLS,3,17801,81.37,65.05,50.2,89.09,77.75,67.88,66.3,65.84,54.28,79.72
Thailand,THA,East Asia & Pacific,Upper middle income,2017,PISA-D,2,20467,69.98,55.74,50.0,69.34,63.74,52.74,55.68,59.21,43.16,61.33
Thailand,THA,East Asia & Pacific,Upper middle income,2019,PASEC,2,15698,64.97,59.03,66.4,67.27,55.18,43.81,55.44,56.9,47.38,69.14
Thailand,THA,East Asia & Pacific,Upper middle income,2021,PASEC,2,14557,67.0,61.26,66.8,72.42,64.37,53.86,61.29,61.68,42.5,74.47
Thailand,THA,East Asia & Pacific,Upper middle income,2023,PIRLS,2,9369,83.96,71.8,67.0,85.3,72.25,67.82,72.36,71.76,54.82,77.68
Thailand,THA,East Asia & Pacific,Upper middle income,2025,National,2,18813,84.65,74.17,65.4,89.83,77.63,69.71,72.17,76.47,65.41,81.9
Malaysia,MYS,East Asia & Pacific,Upper middle income,2015,ASER,3,21827,62.9,54.89,53.0,62.1,50.37,45.75,54.06,54.59,47.63,67.05
Malaysia,MYS,East Asia & Pacific,Upper middle income,2017,PISA-D,2,5480,79.28,72.73,53.7,84.91,69.91,58.06,70.37,70.82,65.79,77.08
Malaysia,MYS,East Asia & Pacific,Upper middle income,2019,PIRLS,2,4801,85.62,79.71,68.1,87.48,72.01,66.07,81.43,78.68,60.79,83.97
Malaysia,MYS,East Asia & Pacific,Upper middle income,2021,MICS,2,9687,66.59,56.18,66.1,62.35,55.44,50.36,52.44,55.95,45.62,70.57
Malaysia,MYS,East Asia & Pacific,Upper middle income,2023,SACMEQ,2,5060,79.8,66.12,62.3,81.65,74.4,63.9,66.38,67.9,50.57,75.91
Malaysia,MYS,East Asia & Pacific,Upper middle income,2025,SACMEQ,3,4693,77.63,62.46,65.2,78.98,72.62,63.58,60.99,61.89,55.24,72.2
Egypt,EGY,Middle East & North Africa,Lower middle income,2015,National,2,6613,37.29,24.5,38.5,39.08,24.87,21.62,20.12,28.34,5.42,37.96
Egypt,EGY,Middle East & North Africa,Lower middle income,2017,MICS,2,22779,43.46,32.6,46.1,43.58,28.34,18.16,33.38,31.59,21.07,44.43
Egypt,EGY,Middle East & North Africa,Lower middle income,2019,PIRLS,3,21511,40.3,27.19,38.5,36.65,21.69,16.32,28.46,32.1,14.65,38.41
Egypt,EGY,Middle East & North Africa,Lower middle income,2021,National,2,10351,50.77,42.98,42.4,53.65,36.26,32.07,43.64,43.12,31.18,49.62
Egypt,EGY,Middle East & North Africa,Lower middle income,2023,PASEC,3,18284,51.37,45.57,44.4,49.06,35.97,26.67,42.51,46.38,25.82,56.92
Egypt,EGY,Middle East & North Africa,Lower middle income,2025,EGRA,3,22795,39.15,20.64,44.2,34.19,20.95,12.43,17.53,21.99,3.8,33.03
Iraq,IRQ,Middle East & North Africa,Upper middle income,2015,PISA-D,2,11133,78.92,62.94,50.0,84.06,66.79,56.35,59.63,65.54,52.47,71.41
Iraq,IRQ,Middle East & North Africa,Upper middle income,2017,PIRLS,2,15928,64.1,50.05,51.3,65.66,56.61,45.4,46.88,53.37,38.52,55.13
Iraq,IRQ,Middle East & North Africa,Upper middle income,2019,MICS,2,3601,77.95,59.43,66.6,80.42,67.67,60.97,61.68,59.64,43.46,68.28
Iraq,IRQ,Middle East & North Africa,Upper middle income,2021,ASER,3,11273,71.69,58.31,55.3,68.06,59.91,50.89,60.56,57.18,44.99,72.25
Iraq,IRQ,Middle East & North Africa,Upper middle income,2023,MICS,2,16990,66.93,48.77,67.2,69.59,55.08,46.57,46.33,49.45,39.59,61.97
Iraq,IRQ,Middle East & North Africa,Upper middle income,2025,PASEC,2,14355,76.66,64.67,63.5,81.49,75.62,71.9,66.53,68.96,50.66,74.77
Yemen,YEM,Middle East & North Africa,Low income,2015,PISA-D,2,6092,24.86,17.22,11.4,20.97,7.45,2.0,16.15,19.07,3.57,24.55
Yemen,YEM,Middle East & North Africa,Low income,2017,PASEC,2,22180,13.52,2.0,19.3,21.25,4.7,2.0,2.0,5.65,1.0,10.11
Yemen,YEM,Middle East & North Africa,Low income,2019,National,2,12701,16.62,2.66,22.9,20.39,12.23,5.83,2.0,6.08,1.0,16.86
Yemen,YEM,Middle East & North Africa,Low income,2021,PIRLS,3,24129,17.33,2.11,15.3,21.26,7.57,2.0,2.0,2.0,1.0,13.59
Yemen,YEM,Middle East & North Africa,Low income,2023,PISA-D,3,12401,14.31,2.0,25.6,11.59,3.0,2.0,2.0,3.0,1.0,8.71
Yemen,YEM,Middle East & North Africa,Low income,2025,PASEC,3,21122,17.0,8.46,17.7,12.07,3.0,2.0,10.17,6.01,2.64,13.69
Morocco,MAR,Middle East & North Africa,Lower middle income,2015,National,3,3506,42.29,27.08,27.0,45.49,40.45,32.74,22.29,29.76,20.81,38.58
Morocco,MAR,Middle East & North Africa,Lower middle income,2017,PASEC,2,4296,52.45,33.0,34.3,51.45,41.59,32.13,32.08,34.85,18.87,38.25
Morocco,MAR,Middle East & North Africa,Lower middle income,2019,EGRA,3,23922,34.57,20.98,43.0,36.94,29.73,23.4,19.67,19.37,14.12,30.56
Morocco,MAR,Middle East & North Africa,Lower middle income,2021,PIRLS,2,6140,44.12,34.28,33.6,46.62,35.0,26.4,37.21,36.55,20.72,46.28
Morocco,MAR,Middle East & North Africa,Lower middle income,2023,PASEC,3,6702,55.41,44.61,33.7,50.55,35.25,32.25,44.25,46.74,39.3,54.47
Morocco,MAR,Middle East & North Africa,Lower middle income,2025,PISA-D,2,18420,44.14,26.48,34.9,51.85,38.45,32.95,21.72,30.34,8.04,37.13
Syria,SYR,Middle East & North Africa,Low income,2015,PIRLS,3,9908,24.53,18.26,11.4,24.38,17.77,9.23,15.27,20.34,5.45,24.75
Syria,SYR,Middle East & North Africa,Low income,2017,ASER,3,812,18.68,2.48,12.1,14.2,3.0,2.0,2.0,4.7,1.0,11.44
Syria,SYR,Middle East & North Africa,Low income,2019,National,3,9448,13.43,8.21,20.1,13.16,3.0,2.0,9.64,11.4,1.0,19.38
Syria,SYR,Middle East & North Africa,Low income,2021,ASER,3,5020,14.06,5.26,16.5,19.29,11.38,7.55,5.15,9.58,1.0,13.74
Syria,SYR,Middle East & North Africa,Low income,2023,EGRA,2,18838,5.53,2.0,25.7,10.57,3.0,2.0,4.81,5.97,1.0,5.93
Syria,SYR,Middle East & North Africa,Low income,2025,PASEC,3,15442,5.15,2.0,34.0,8.0,3.0,2.0,2.0,4.61,1.0,5.16
Tunisia,TUN,Middle East & North Africa,Lower middle income,2015,PISA-D,2,23378,43.65,33.54,26.1,45.04,33.08,27.06,36.09,34.21,24.46,40.52
Tunisia,TUN,Middle East & North Africa,Lower middle income,2017,ASER,3,22848,53.66,34.22,45.1,49.91,32.57,26.61,30.69,35.42,21.08,44.47
Tunisia,TUN,Middle East & North Africa,Lower middle income,2019,EGRA,3,15853,56.6,44.48,44.1,55.73,41.2,35.76,46.88,45.72,32.93,56.73
Tunisia,TUN,Middle East & North Africa,Lower middle income,2021,ASER,2,9547,46.92,28.45,43.3,52.66,38.96,35.9,30.95,28.1,9.46,43.22
Tunisia,TUN,Middle East & North Africa,Lower middle income,2023,SACMEQ,2,3139,54.22,38.16,43.8,56.17,47.23,35.82,36.66,35.81,22.64,51.04
Tunisia,TUN,Middle East & North Africa,Lower middle income,2025,MICS,2,17789,44.05,24.3,47.5,43.58,27.69,18.76,27.22,23.37,6.75,38.36
Jordan,JOR,Middle East & North Africa,Upper middle income,2015,National,2,13156,71.3,62.26,46.1,69.35,60.19,50.5,65.14,63.71,55.59,65.39
Jordan,JOR,Middle East & North Africa,Upper middle income,2017,National,3,18220,80.78,74.15,65.3,80.53,65.28,61.61,74.36,74.47,58.85,85.55
Jordan,JOR,Middle East & North Africa,Upper middle income,2019,MICS,2,10933,66.62,52.21,65.1,68.93,55.92,50.9,52.74,51.36,36.85,59.28
Jordan,JOR,Middle East & North Africa,Upper middle income,2021,PIRLS,2,3945,65.75,45.76,60.3,60.76,50.43,45.37,44.1,46.12,31.23,55.53
Jordan,JOR,Middle East & North Africa,Upper middle income,2023,PISA-D,2,6010,77.44,62.95,60.2,76.79,68.93,64.13,61.93,60.23,57.3,70.71
Jordan,JOR,Middle East & North Africa,Upper middle income,2025,SACMEQ,2,2013,81.85,63.03,53.3,88.05,70.43,62.45,65.12,63.48,53.9,70.07
Libya,LBY,Middle East & North Africa,Upper middle income,2015,EGRA,2,24500,71.68,60.41,62.0,75.82,61.51,51.05,59.32,64.65,52.3,69.18
Libya,LBY,Middle East & North Africa,Upper middle income,2017,ASER,2,10560,82.39,67.61,60.6,80.26,63.99,55.22,70.14,70.11,60.53,73.76
Libya,LBY,Middle East & North Africa,Upper middle income,2019,National,2,11059,80.5,70.81,49.6,76.18,67.63,62.6,69.79,72.71,57.09,77.92
Libya,LBY,Middle East & North Africa,Upper middle income,2021,National,2,13608,86.48,67.25,52.2,91.4,82.69,76.19,63.26,69.5,56.55,71.4
Libya,LBY,Middle East & North Africa,Upper middle income,2023,PASEC,3,14225,85.57,80.19,69.1,85.25,71.87,64.77,79.68,81.04,71.07,83.52
Libya,LBY,Middle East & North Africa,Upper middle income,2025,MICS,3,8666,84.6,68.54,57.0,84.62,69.96,63.37,67.99,66.47,58.26,79.98
Brazil,BRA,Latin America & Caribbean,Upper middle income,2015,PIRLS,3,6680,76.77,57.14,62.1,82.0,67.59,59.25,59.42,57.74,41.07,68.86
Brazil,BRA,Latin America & Caribbean,Upper middle income,2017,EGRA,3,19851,71.95,62.13,53.7,75.04,57.61,54.58,59.41,63.34,56.4,65.57
Brazil,BRA,Latin America & Caribbean,Upper middle income,2019,PISA-D,3,17864,63.51,57.98,61.2,61.5,46.64,37.85,60.03,59.61,51.12,65.16
Brazil,BRA,Latin America & Caribbean,Upper middle income,2021,MICS,3,7661,69.08,58.76,61.9,69.66,62.26,57.13,58.46,57.21,41.15,68.72
Brazil,BRA,Latin America & Caribbean,Upper middle income,2023,PISA-D,2,17851,67.38,50.42,71.1,68.03,59.59,53.65,45.61,51.89,39.01,55.85
Brazil,BRA,Latin America & Caribbean,Upper middle income,2025,National,2,10155,63.51,51.7,68.0,60.53,44.43,37.03,47.04,51.38,39.29,61.24
Mexico,MEX,Latin America & Caribbean,Upper middle income,2015,PASEC,3,9259,80.12,68.17,46.6,83.4,74.71,71.67,66.98,72.2,56.31,78.95
Mexico,MEX,Latin America & Caribbean,Upper middle income,2017,PISA-D,2,12082,71.8,57.39,54.4,71.77,54.61,45.08,53.96,58.6,47.85,66.05
Mexico,MEX,Latin America & Caribbean,Upper middle income,2019,PIRLS,2,18940,86.29,74.61,68.1,87.0,70.24,62.81,77.56,78.79,56.47,78.38
Mexico,MEX,Latin America & Caribbean,Upper middle income,2021,ASER,2,19720,71.33,51.96,60.6,70.19,53.03,47.75,48.72,56.78,36.11,62.36
Mexico,MEX,Latin America & Caribbean,Upper middle income,2023,EGRA,2,15484,65.56,49.91,70.2,64.23,55.77,49.15,52.38,51.17,44.45,57.33
Mexico,MEX,Latin America & Caribbean,Upper middle income,2025,PISA-D,2,3962,67.55,58.72,62.4,71.41,66.28,60.44,55.03,58.25,52.96,70.54
Colombia,COL,Latin America & Caribbean,Upper middle income,2015,PISA-D,3,689,73.63,65.34,50.4,71.16,64.59,57.7,65.07,62.38,47.22,73.98
Colombia,COL,Latin America & Caribbean,Upper middle income,2017,PASEC,2,2174,62.93,55.32,47.5,61.28,45.99,35.9,52.99,56.55,35.85,68.19
Colombia,COL,Latin America & Caribbean,Upper middle income,2019,SACMEQ,2,17694,86.04,67.59,50.6,82.32,75.29,70.92,67.97,69.02,56.98,79.48
Colombia,COL,Latin America & Caribbean,Upper middle income,2021,SACMEQ,3,3270,67.59,47.73,62.9,65.6,47.61,35.78,44.39,51.42,29.29,51.66
Colombia,COL,Latin America & Caribbean,Upper middle income,2023,SACMEQ,2,1690,81.84,74.77,66.0,79.02,63.55,54.9,76.88,75.2,55.66,86.71
Colombia,COL,Latin America & Caribbean,Upper middle income,2025,PASEC,2,15160,74.65,65.11,53.9,72.46,65.91,54.13,63.44,63.08,48.81,71.32
Guatemala,GTM,Latin America & Caribbean,Upper middle income,2015,MICS,3,23236,78.28,67.12,50.6,78.99,63.78,58.36,66.31,66.9,60.42,74.76
Guatemala,GTM,Latin America & Caribbean,Upper middle income,2017,National,2,6726,83.46,64.55,51.1,79.54,66.21,55.73,64.54,66.42,56.47,68.57
Guatemala,GTM,Latin America & Caribbean,Upper middle income,2019,National,2,10045,76.34,67.2,49.0,73.7,60.73,57.07,67.71,67.77,52.54,72.38
Guatemala,GTM,Latin America & Caribbean,Upper middle income,2021,EGRA,2,21860,63.2,56.76,66.4,60.12,43.24,31.98,52.36,54.72,40.44,62.33
Guatemala,GTM,Latin America & Caribbean,Upper middle income,2023,EGRA,3,7204,66.4,48.74,63.2,67.39,60.05,53.52,46.17,52.45,36.9,61.46
Guatemala,GTM,Latin America & Caribbean,Upper middle income,2025,MICS,3,20742,80.42,67.82,63.4,78.57,71.05,63.72,66.62,71.36,56.78,81.21
Haiti,HTI,Latin America & Caribbean,Low income,2015,MICS,3,8998,22.47,8.42,19.8,25.53,13.8,3.71,5.9,10.51,1.0,20.52
Haiti,HTI,Latin America & Caribbean,Low income,2017,EGRA,2,18438,5.0,2.0,10.3,8.0,3.0,2.0,4.98,2.0,1.0,8.01
Haiti,HTI,Latin America & Caribbean,Low income,2019,PASEC,3,2244,8.25,2.0,16.8,8.0,3.0,2.0,2.0,2.78,1.0,12.33
Haiti,HTI,Latin America & Caribbean,Low income,2021,ASER,2,18088,22.86,9.77,17.2,19.38,8.15,2.0,12.27,8.24,1.0,18.41
Haiti,HTI,Latin America & Caribbean,Low income,2023,PISA-D,3,3365,11.66,2.0,21.3,11.29,3.0,2.0,2.0,4.62,1.0,7.28
Haiti,HTI,Latin America & Caribbean,Low income,2025,PASEC,2,995,18.26,2.0,29.4,19.56,7.05,3.6,2.0,2.12,1.0,6.27
Honduras,HND,Latin America & Caribbean,Lower middle income,2015,PISA-D,3,18715,55.39,42.93,41.1,59.63,49.86,38.74,41.25,46.62,26.16,55.33
Honduras,HND,Latin America & Caribbean,Lower middle income,2017,EGRA,3,22614,44.79,26.66,34.0,47.73,40.04,29.97,24.12,30.63,18.79,30.21
Honduras,HND,Latin America & Caribbean,Lower middle income,2019,PIRLS,2,8262,51.44,37.16,39.5,46.48,30.71,24.91,36.0,41.48,23.35,40.47
Honduras,HND,Latin America & Caribbean,Lower middle income,2021,PIRLS,2,17042,51.79,36.92,39.7,59.58,41.87,31.71,33.75,37.45,30.28,47.33
Honduras,HND,Latin America & Caribbean,Lower middle income,2023,ASER,3,9639,45.99,38.48,36.4,41.12,31.38,24.49,38.68,40.68,23.91,50.52
Honduras,HND,Latin America & Caribbean,Lower middle income,2025,PIRLS,3,3528,42.6,32.03,49.6,43.67,25.81,22.75,29.69,29.92,19.04,36.32
Peru,PER,Latin America & Caribbean,Upper middle income,2015,MICS,3,2935,71.52,57.66,50.4,77.24,69.87,65.11,54.23,59.8,41.48,63.47
Peru,PER,Latin America & Caribbean,Upper middle income,2017,PIRLS,2,16043,67.24,59.19,54.9,74.58,69.28,63.21,55.05,58.78,49.29,71.89
Peru,PER,Latin America & Caribbean,Upper middle income,2019,PIRLS,3,6257,78.73,65.12,60.0,78.6,60.88,50.56,60.76,66.46,50.45,73.39
Peru,PER,Latin America & Caribbean,Upper middle income,2021,National,2,5044,81.32,63.49,57.3,86.53,77.17,67.15,61.31,66.34,53.59,68.04
Peru,PER,Latin America & Caribbean,Upper middle income,2023,MICS,3,3435,71.23,65.46,63.7,75.4,68.57,57.41,60.74,64.78,48.79,77.52
Peru,PER,Latin America & Caribbean,Upper middle income,2025,National,3,22481,69.1,51.26,63.9,67.64,55.35,50.18,48.78,48.55,36.0,62.2
Bolivia,BOL,Latin America & Caribbean,Lower middle income,2015,ASER,3,3226,56.39,37.18,30.1,57.08,47.62,40.8,32.44,41.76,20.56,42.45
Bolivia,BOL,Latin America & Caribbean,Lower middle income,2017,MICS,3,8298,52.55,43.07,29.4,57.27,49.39,40.27,39.18,45.66,27.08,49.49
Bolivia,BOL,Latin America & Caribbean,Lower middle income,2019,EGRA,3,8520,53.91,47.98,38.7,52.24,43.53,40.12,46.79,51.06,36.29,57.8
Bolivia,BOL,Latin America & Caribbean,Lower middle income,2021,SACMEQ,2,10555,35.11,25.47,42.4,37.94,21.8,13.69,21.99,28.62,10.31,37.48
Bolivia,BOL,Latin America & Caribbean,Lower middle income,2023,MICS,2,11724,56.58,46.62,37.1,63.64,50.09,44.72,47.56,44.69,40.5,60.43
Bolivia,BOL,Latin America & Caribbean,Lower middle income,2025,PIRLS,3,19830,46.32,26.93,33.1,52.24,37.93,30.94,24.19,31.87,19.31,40.05
Argentina,ARG,Latin America & Caribbean,Upper middle income,2015,EGRA,2,22273,70.88,55.73,63.7,66.12,51.16,42.04,53.66,52.94,35.88,60.15
Argentina,ARG,Latin America & Caribbean,Upper middle income,2017,National,2,20400,72.46,61.49,61.6,76.13,62.56,57.47,60.47,61.83,53.05,66.75
Argentina,ARG,Latin America & Caribbean,Upper middle income,2019,National,2,2712,81.79,70.51,54.0,79.26,66.95,63.88,67.81,73.56,64.87,74.08
Argentina,ARG,Latin America & Caribbean,Upper middle income,2021,PIRLS,2,20586,79.49,65.67,58.8,77.72,66.15,57.6,65.9,65.13,58.75,77.48
Argentina,ARG,Latin America & Caribbean,Upper middle income,2023,SACMEQ,2,13859,62.54,47.96,51.6,62.12,54.63,46.59,45.04,52.49,42.3,52.27
Argentina,ARG,Latin America & Caribbean,Upper middle income,2025,SACMEQ,2,15059,83.38,68.41,60.8,85.19,68.28,57.37,63.45,65.47,56.09,74.92
Turkey,TUR,Europe & Central Asia,Upper middle income,2015,SACMEQ,2,12989,76.29,69.78,57.0,71.32,57.26,53.22,70.9,67.8,55.63,82.65
Turkey,TUR,Europe & Central Asia,Upper middle income,2017,MICS,3,19743,62.85,43.65,65.3,67.95,51.76,45.01,45.6,46.59,32.08,51.38
Turkey,TUR,Europe & Central Asia,Upper middle income,2019,EGRA,2,7952,85.54,79.06,48.6,92.19,83.56,80.09,81.93,79.65,65.93,86.8
Turkey,TUR,Europe & Central Asia,Upper middle income,2021,ASER,3,2736,70.53,63.49,50.1,75.91,63.89,56.04,66.0,63.55,46.19,71.97
Turkey,TUR,Europe & Central Asia,Upper middle income,2023,PISA-D,3,14877,76.19,60.63,66.6,78.42,69.75,66.63,55.82,60.82,41.67,65.78
Turkey,TUR,Europe & Central Asia,Upper middle income,2025,National,3,8721,83.03,64.55,65.9,83.85,74.26,68.48,60.34,69.24,45.19,67.75
Uzbekistan,UZB,Europe & Central Asia,Lower middle income,2015,National,3,15884,47.92,34.28,29.6,52.34,45.82,42.73,35.47,34.89,25.89,39.57
Uzbekistan,UZB,Europe & Central Asia,Lower middle income,2017,SACMEQ,3,6010,51.53,32.72,26.9,49.8,31.91,20.4,29.7,37.26,20.35,40.98
Uzbekistan,UZB,Europe & Central Asia,Lower middle income,2019,EGRA,2,7203,55.91,45.72,30.3,60.59,53.54,48.61,48.18,47.42,36.53,54.41
Uzbekistan,UZB,Europe & Central Asia,Lower middle income,2021,PASEC,3,23849,56.21,44.43,39.8,52.48,37.25,28.5,40.04,43.67,28.06,48.95
Uzbekistan,UZB,Europe & Central Asia,Lower middle income,2023,PISA-D,2,23186,45.54,32.06,41.2,44.82,29.55,17.86,32.29,35.33,26.69,46.34
Uzbekistan,UZB,Europe & Central Asia,Lower middle income,2025,ASER,2,3826,55.35,44.42,41.4,62.55,56.38,48.96,40.73,49.0,34.84,54.24
Tajikistan,TJK,Europe & Central Asia,Lower middle income,2015,PASEC,3,4709,48.11,37.08,30.6,51.17,34.13,25.16,32.57,34.87,25.46,43.74
Tajikistan,TJK,Europe & Central Asia,Lower middle income,2017,ASER,3,7304,47.34,30.65,38.5,42.84,25.02,19.78,32.98,32.45,17.83,35.8
Tajikistan,TJK,Europe & Central Asia,Lower middle income,2019,SACMEQ,3,23228,49.43,41.08,28.4,52.48,38.69,33.66,40.18,44.59,32.02,48.59
Tajikistan,TJK,Europe & Central Asia,Lower middle income,2021,SACMEQ,3,15316,45.89,37.45,33.7,51.78,41.38,37.54,33.86,36.71,25.6,42.24
Tajikistan,TJK,Europe & Central Asia,Lower middle income,2023,PASEC,2,17168,40.85,26.48,39.1,40.84,27.17,21.21,22.9,30.78,15.78,32.04
Tajikistan,TJK,Europe & Central Asia,Lower middle income,2025,SACMEQ,2,24582,37.39,17.4,37.3,36.68,27.86,22.93,16.09,20.07,1.0,25.99
Kyrgyzstan,KGZ,Europe & Central Asia,Lower middle income,2015,PASEC,3,6065,46.27,34.7,43.0,47.62,39.29,27.71,37.59,35.48,24.58,45.68
Kyrgyzstan,KGZ,Europe & Central Asia,Lower middle income,2017,PISA-D,2,15076,35.33,19.18,36.3,39.8,25.87,15.06,17.57,16.92,1.0,27.77
Kyrgyzstan,KGZ,Europe & Central Asia,Lower middle income,2019,PISA-D,3,22812,38.95,28.8,38.8,39.89,34.17,30.63,25.34,26.65,10.57,40.37
Kyrgyzstan,KGZ,Europe & Central Asia,Lower middle income,2021,MICS,3,24679,47.35,42.09,40.5,43.87,38.21,35.08,40.29,45.66,30.18,56.86
Kyrgyzstan,KGZ,Europe & Central Asia,Lower middle income,2023,MICS,3,18908,43.08,23.48,47.8,47.39,37.36,27.01,20.61,28.44,5.48,30.26
Kyrgyzstan,KGZ,Europe & Central Asia,Lower middle income,2025,SACMEQ,3,7899,44.81,28.39,34.7,50.67,43.81,32.03,29.63,25.61,8.62,42.76
Romania,ROU,Europe & Central Asia,Upper middle income,2015,SACMEQ,3,11992,68.71,55.16,54.6,73.22,61.77,53.85,56.47,56.1,48.94,59.34
Romania,ROU,Europe & Central Asia,Upper middle income,2017,PISA-D,2,942,77.05,64.45,50.6,75.95,58.72,49.28,63.16,62.98,46.04,77.56
Romania,ROU,Europe & Central Asia,Upper middle income,2019,PISA-D,3,13194,68.58,53.71,60.7,69.1,62.53,55.27,54.18,51.76,48.71,60.7
Romania,ROU,Europe & Central Asia,Upper middle income,2021,ASER,2,18824,72.21,63.74,62.0,67.79,51.59,44.94,59.18,66.57,55.3,72.63
Romania,ROU,Europe & Central Asia,Upper middle income,2023,PISA-D,3,24849,79.46,63.55,52.9,81.63,65.5,55.52,60.22,65.16,48.92,67.5
Romania,ROU,Europe & Central Asia,Upper middle income,2025,MICS,2,8237,81.82,66.57,56.8,82.96,74.77,65.5,64.41,63.83,58.38,70.27
Germany,DEU,Europe & Central Asia,High income,2015,PASEC,2,16573,99.0,89.69,69.6,96.61,88.45,80.97,88.54,90.31,83.72,94.32
Germany,DEU,Europe & Central Asia,High income,2017,PISA-D,3,5654,90.17,77.73,85.3,91.11,78.78,69.66,72.92,76.62,65.73,92.39
Germany,DEU,Europe & Central Asia,High income,2019,PISA-D,2,12755,89.4,73.94,87.6,94.83,80.86,71.34,69.62,78.37,65.31,88.54
Germany,DEU,Europe & Central Asia,High income,2021,MICS,2,3825,89.71,80.91,84.0,87.21,78.46,69.28,82.24,84.28,61.04,92.46
Germany,DEU,Europe & Central Asia,High income,2023,EGRA,2,13526,95.67,81.94,74.9,91.66,74.29,70.02,81.63,80.71,75.27,95.18
Germany,DEU,Europe & Central Asia,High income,2025,EGRA,3,20209,93.81,83.97,92.8,96.32,80.62,72.88,84.33,88.67,67.89,91.8
France,FRA,Europe & Central Asia,High income,2015,ASER,2,14143,93.59,85.09,85.9,96.5,89.7,84.08,87.44,83.89,77.18,90.82
France,FRA,Europe & Central Asia,High income,2017,PASEC,3,10677,95.47,88.51,84.3,93.73,85.61,80.63,85.48,87.43,81.82,96.48
France,FRA,Europe & Central Asia,High income,2019,MICS,2,2673,99.0,84.5,82.7,99.0,85.63,74.5,83.36,83.76,66.21,97.82
France,FRA,Europe & Central Asia,High income,2021,ASER,2,15603,99.0,92.69,85.0,99.0,87.03,80.32,89.48,89.7,81.19,99.0
France,FRA,Europe & Central Asia,High income,2023,PISA-D,2,21590,90.99,80.37,90.2,95.23,80.91,69.36,77.8,77.43,64.18,92.16
France,FRA,Europe & Central Asia,High income,2025,EGRA,2,18668,93.04,77.62,81.3,99.0,89.42,84.03,72.86,80.61,69.7,83.0
United Kingdom,GBR,Europe & Central Asia,High income,2015,National,3,19978,99.0,89.05,77.9,95.38,83.38,74.65,84.14,91.84,78.61,96.5
United Kingdom,GBR,Europe & Central Asia,High income,2017,PIRLS,2,3337,96.87,78.36,88.9,99.0,85.75,76.33,80.41,76.0,63.1,88.34
United Kingdom,GBR,Europe & Central Asia,High income,2019,ASER,2,5395,87.58,78.84,73.8,85.81,70.7,59.86,74.84,80.68,68.48,90.04
United Kingdom,GBR,Europe & Central Asia,High income,2021,National,3,3762,99.0,79.62,85.8,95.04,78.63,72.68,80.51,77.09,61.88,93.73
United Kingdom,GBR,Europe & Central Asia,High income,2023,PISA-D,2,3487,93.77,86.51,87.7,97.65,88.48,81.98,88.48,88.72,78.17,97.01
United Kingdom,GBR,Europe & Central Asia,High income,2025,MICS,3,14362,92.93,80.82,94.6,91.45,82.51,79.19,82.63,81.3,71.22,95.21
Poland,POL,Europe & Central Asia,High income,2015,EGRA,3,16814,99.0,86.89,77.0,98.91,88.75,85.35,82.29,89.4,81.61,95.1
Poland,POL,Europe & Central Asia,High income,2017,MICS,3,16083,99.0,79.15,74.6,97.14,91.34,86.8,78.6,81.19,61.96,82.35
Poland,POL,Europe & Central Asia,High income,2019,ASER,2,2041,96.29,81.59,71.9,99.0,91.51,80.47,79.02,79.34,73.23,85.12
Poland,POL,Europe & Central Asia,High income,2021,PISA-D,2,14529,99.0,84.62,83.4,97.32,86.18,82.28,82.1,84.43,67.79,91.66
Poland,POL,Europe & Central Asia,High income,2023,EGRA,3,23859,86.73,71.72,78.8,94.38,86.79,81.33,67.99,76.64,54.98,77.31
Poland,POL,Europe & Central Asia,High income,2025,PASEC,3,4070,90.47,73.36,90.0,96.56,86.06,75.81,71.25,76.63,57.5,83.25
Finland,FIN,Europe & Central Asia,High income,2015,ASER,2,859,99.0,93.6,68.5,99.0,83.47,77.07,96.49,95.9,84.07,97.81
Finland,FIN,Europe & Central Asia,High income,2017,PIRLS,3,8958,88.33,70.96,82.5,93.08,80.87,76.48,68.54,72.57,52.93,81.45
Finland,FIN,Europe & Central Asia,High income,2019,PISA-D,2,23269,96.63,87.9,73.0,94.31,81.06,73.44,86.12,91.81,73.32,99.0
Finland,FIN,Europe & Central Asia,High income,2021,PASEC,3,2984,99.0,91.35,77.8,99.0,88.1,81.45,86.37,88.58,81.0,99.0
Finland,FIN,Europe & Central Asia,High income,2023,PISA-D,2,19435,99.0,92.14,88.3,99.0,92.16,85.58,90.2,91.3,81.26,99.0
Finland,FIN,Europe & Central Asia,High income,2025,SACMEQ,3,14489,99.0,83.34,86.9,99.0,90.87,79.65,86.01,87.59,64.96,89.81
United States,USA,North America,High income,2015,SACMEQ,2,24802,87.66,74.93,77.0,89.41,80.36,75.97,71.59,75.45,59.45,83.14
United States,USA,North America,High income,2017,PIRLS,3,8792,89.95,84.88,82.4,96.62,85.03,81.28,80.72,86.43,75.59,92.77
United States,USA,North America,High income,2019,MICS,3,17779,92.44,84.62,78.1,99.0,89.45,82.4,86.26,86.24,72.84,94.48
United States,USA,North America,High income,2021,National,3,14046,87.65,68.76,91.7,88.69,71.04,65.24,65.91,66.65,58.22,83.57
United States,USA,North America,High income,2023,SACMEQ,2,23690,89.31,83.4,83.8,92.04,85.41,82.27,83.75,82.74,70.25,89.32
United States,USA,North America,High income,2025,National,2,12225,97.76,88.83,95.8,98.63,89.25,83.58,90.29,86.23,70.35,99.0
Canada,CAN,North America,High income,2015,SACMEQ,3,10700,91.41,84.1,74.1,95.9,84.02,75.31,82.41,87.63,78.73,97.39
Canada,CAN,North America,High income,2017,EGRA,2,563,96.46,86.72,85.3,97.05,80.39,70.91,86.59,90.73,73.23,90.7
Canada,CAN,North America,High income,2019,PASEC,3,23344,99.0,83.59,72.2,99.0,81.05,70.66,81.11,86.98,73.0,90.0
Canada,CAN,North America,High income,2021,ASER,2,22159,99.0,89.15,76.5,95.9,79.88,70.79,88.47,93.26,77.33,96.09
Canada,CAN,North America,High income,2023,ASER,3,21699,99.0,83.4,86.6,97.08,85.6,77.38,84.54,84.05,76.62,94.29
Canada,CAN,North America,High income,2025,PISA-D,3,20446,96.19,77.02,78.0,99.0,90.33,83.33,75.04,75.33,67.36,87.35
Australia,AUS,East Asia & Pacific,High income,2015,PISA-D,2,12710,94.1,75.45,85.8,97.97,84.38,80.32,72.3,74.08,64.04,82.84
Australia,AUS,East Asia & Pacific,High income,2017,PISA-D,3,19648,89.43,82.54,83.7,86.07,75.48,68.75,78.74,85.32,70.28,93.16
Australia,AUS,East Asia & Pacific,High income,2019,ASER,3,12239,94.67,77.28,75.1,97.45,87.58,81.52,74.66,80.17,67.09,80.98
Australia,AUS,East Asia & Pacific,High income,2021,MICS,3,13159,99.0,82.24,86.8,99.0,90.87,81.29,79.27,84.78,67.78,92.94
Australia,AUS,East Asia & Pacific,High income,2023,ASER,3,16222,99.0,90.56,76.3,99.0,92.01,84.48,86.56,89.07,70.58,99.0
Australia,AUS,East Asia & Pacific,High income,2025,MICS,3,14044,99.0,79.03,86.5,99.0,83.7,79.96,80.55,80.16,72.71,90.27
Japan,JPN,East Asia & Pacific,High income,2015,National,2,20265,99.0,84.63,86.4,94.18,80.55,74.15,84.63,84.31,78.85,87.96
Japan,JPN,East Asia & Pacific,High income,2017,MICS,3,18207,92.19,86.95,76.8,92.83,86.52,76.25,85.17,90.82,78.41,93.46
Japan,JPN,East Asia & Pacific,High income,2019,MICS,2,11341,99.0,88.7,79.2,94.54,86.67,80.51,86.29,87.98,69.87,97.37
Japan,JPN,East Asia & Pacific,High income,2021,PISA-D,3,13080,92.2,81.23,87.0,99.0,92.74,88.39,83.09,82.97,70.58,91.85
Japan,JPN,East Asia & Pacific,High income,2023,SACMEQ,3,573,98.24,82.47,84.5,99.0,90.45,81.27,81.92,83.09,75.48,90.92
Japan,JPN,East Asia & Pacific,High income,2025,PASEC,2,2389,99.0,86.55,95.2,99.0,81.69,77.25,88.03,84.58,69.0,89.83
South Korea,KOR,East Asia & Pacific,High income,2015,EGRA,2,6285,87.73,72.44,74.3,84.62,73.25,66.87,73.01,73.79,53.97,80.28
South Korea,KOR,East Asia & Pacific,High income,2017,MICS,3,20777,99.0,80.54,88.5,99.0,86.52,74.67,75.98,84.94,69.71,89.44
South Korea,KOR,East Asia & Pacific,High income,2019,National,2,22646,99.0,80.39,73.9,99.0,91.06,79.39,78.78,84.81,72.92,94.35
South Korea,KOR,East Asia & Pacific,High income,2021,MICS,3,4659,99.0,82.7,86.4,99.0,89.63,85.35,83.7,83.43,71.65,94.3
South Korea,KOR,East Asia & Pacific,High income,2023,EGRA,3,8016,99.0,92.35,76.8,99.0,87.5,83.47,92.19,94.0,77.3,97.05
South Korea,KOR,East Asia & Pacific,High income,2025,EGRA,2,3937,96.63,90.93,87.7,97.25,80.49,70.72,88.45,94.67,72.64,99.0
Singapore,SGP,East Asia & Pacific,High income,2015,EGRA,3,1705,87.01,74.34,71.9,90.09,74.27,62.46,71.66,76.13,57.24,84.31
Singapore,SGP,East Asia & Pacific,High income,2017,PIRLS,3,18910,99.0,93.54,72.4,99.0,86.19,81.73,93.32,95.16,78.43,99.0
Singapore,SGP,East Asia & Pacific,High income,2019,MICS,3,13900,89.63,74.01,76.3,85.19,72.64,61.69,70.7,78.92,55.51,83.64
Singapore,SGP,East Asia & Pacific,High income,2021,ASER,3,6731,99.0,81.59,75.7,99.0,90.67,85.7,81.07,82.12,75.29,94.94
Singapore,SGP,East Asia & Pacific,High income,2023,MICS,3,10711,99.0,82.37,93.7,99.0,91.46,86.75,80.45,79.55,69.16,87.62
Singapore,SGP,East Asia & Pacific,High income,2025,PIRLS,3,21457,95.26,79.74,79.5,95.95,80.64,73.45,77.15,83.47,61.52,84.85
