country,iso3_code,region,income_group,year,out_of_school_rate_total_pct,out_of_school_rate_male_pct,out_of_school_rate_female_pct,out_of_school_children_millions,rural_out_of_school_rate_pct,urban_out_of_school_rate_pct,conflict_affected
Nigeria,NGA,Sub-Saharan Africa,Lower middle income,2010,13.32,11.32,15.18,4.162,20.83,4.8,1
Nigeria,NGA,Sub-Saharan Africa,Lower middle income,2011,10.84,9.95,11.81,3.388,16.71,3.39,1
Nigeria,NGA,Sub-Saharan Africa,Lower middle income,2012,12.1,11.79,13.02,3.782,21.29,4.24,1
Nigeria,NGA,Sub-Saharan Africa,Lower middle income,2013,14.09,13.25,16.98,4.403,27.09,7.37,1
Nigeria,NGA,Sub-Saharan Africa,Lower middle income,2014,11.44,11.55,11.36,3.576,25.13,4.57,1
Nigeria,NGA,Sub-Saharan Africa,Lower middle income,2015,13.89,14.11,15.53,4.342,21.6,9.96,1
Nigeria,NGA,Sub-Saharan Africa,Lower middle income,2016,10.16,8.24,11.59,3.175,16.36,7.76,1
Nigeria,NGA,Sub-Saharan Africa,Lower middle income,2017,10.75,10.33,10.72,3.36,15.24,5.34,1
Nigeria,NGA,Sub-Saharan Africa,Lower middle income,2018,10.68,10.96,12.34,3.339,18.35,8.29,1
Nigeria,NGA,Sub-Saharan Africa,Lower middle income,2019,9.46,9.35,9.34,2.956,21.66,3.46,1
Nigeria,NGA,Sub-Saharan Africa,Lower middle income,2020,20.76,21.77,22.47,6.487,44.47,8.35,1
Nigeria,NGA,Sub-Saharan Africa,Lower middle income,2021,27.7,22.49,33.91,8.657,68.58,21.88,1
Nigeria,NGA,Sub-Saharan Africa,Lower middle income,2022,10.94,10.23,12.76,3.42,18.23,4.88,1
Nigeria,NGA,Sub-Saharan Africa,Lower middle income,2023,10.82,10.15,11.22,3.382,15.68,8.26,1
Nigeria,NGA,Sub-Saharan Africa,Lower middle income,2024,8.53,7.03,8.57,2.665,19.52,5.53,1
Nigeria,NGA,Sub-Saharan Africa,Lower middle income,2025,10.58,9.22,11.17,3.306,26.31,8.2,1
Ethiopia,ETH,Sub-Saharan Africa,Low income,2010,25.92,22.45,24.97,4.043,58.32,14.15,0
Ethiopia,ETH,Sub-Saharan Africa,Low income,2011,22.09,18.53,19.34,3.446,47.3,13.66,0
Ethiopia,ETH,Sub-Saharan Africa,Low income,2012,24.01,19.62,23.66,3.746,48.07,17.46,0
Ethiopia,ETH,Sub-Saharan Africa,Low income,2013,23.48,21.91,27.64,3.662,43.68,16.27,0
Ethiopia,ETH,Sub-Saharan Africa,Low income,2014,24.3,24.07,23.31,3.791,36.52,13.5,0
Ethiopia,ETH,Sub-Saharan Africa,Low income,2015,23.33,20.4,20.21,3.639,57.47,18.57,0
Ethiopia,ETH,Sub-Saharan Africa,Low income,2016,24.1,25.81,28.06,3.76,58.33,17.35,0
Ethiopia,ETH,Sub-Saharan Africa,Low income,2017,24.1,24.82,23.49,3.759,48.84,13.35,0
Ethiopia,ETH,Sub-Saharan Africa,Low income,2018,24.12,21.19,29.07,3.762,34.11,13.44,0
Ethiopia,ETH,Sub-Saharan Africa,Low income,2019,23.43,20.93,23.52,3.656,40.47,12.52,0
Ethiopia,ETH,Sub-Saharan Africa,Low income,2020,31.43,32.71,28.79,4.903,69.73,25.0,0
Ethiopia,ETH,Sub-Saharan Africa,Low income,2021,34.35,28.8,37.57,5.359,75.0,15.63,0
Ethiopia,ETH,Sub-Saharan Africa,Low income,2022,24.83,25.27,24.73,3.873,37.06,13.87,0
Ethiopia,ETH,Sub-Saharan Africa,Low income,2023,21.38,21.1,24.73,3.335,36.84,7.54,0
Ethiopia,ETH,Sub-Saharan Africa,Low income,2024,20.48,18.48,22.23,3.194,36.01,14.91,0
Ethiopia,ETH,Sub-Saharan Africa,Low income,2025,20.14,19.62,22.72,3.142,37.21,11.61,0
DR Congo,COD,Sub-Saharan Africa,Low income,2010,20.84,21.58,19.42,2.897,32.46,6.56,1
DR Congo,COD,Sub-Saharan Africa,Low income,2011,20.01,20.66,24.85,2.781,44.12,7.45,1
DR Congo,COD,Sub-Saharan Africa,Low income,2012,19.33,18.24,20.84,2.686,31.69,12.67,1
DR Congo,COD,Sub-Saharan Africa,Low income,2013,18.78,17.53,20.97,2.611,34.09,13.03,1
DR Congo,COD,Sub-Saharan Africa,Low income,2014,18.15,16.48,18.59,2.522,30.55,11.26,1
DR Congo,COD,Sub-Saharan Africa,Low income,2015,18.59,18.13,20.35,2.584,37.07,13.72,1
DR Congo,COD,Sub-Saharan Africa,Low income,2016,18.62,16.53,20.46,2.588,28.82,13.38,1
DR Congo,COD,Sub-Saharan Africa,Low income,2017,16.32,17.29,15.56,2.268,24.71,8.34,1
DR Congo,COD,Sub-Saharan Africa,Low income,2018,19.33,15.98,23.83,2.686,45.03,9.09,1
DR Congo,COD,Sub-Saharan Africa,Low income,2019,17.78,15.63,17.94,2.471,38.53,5.58,1
DR Congo,COD,Sub-Saharan Africa,Low income,2020,29.49,24.98,35.88,4.1,43.99,21.89,1
DR Congo,COD,Sub-Saharan Africa,Low income,2021,26.77,28.12,30.21,3.721,37.63,9.9,1
DR Congo,COD,Sub-Saharan Africa,Low income,2022,15.64,15.12,14.55,2.174,35.57,12.47,1
DR Congo,COD,Sub-Saharan Africa,Low income,2023,17.95,17.04,20.66,2.494,39.46,11.83,1
DR Congo,COD,Sub-Saharan Africa,Low income,2024,13.59,12.46,16.12,1.889,30.08,9.89,1
DR Congo,COD,Sub-Saharan Africa,Low income,2025,15.94,16.12,16.23,2.216,28.83,10.8,1
Tanzania,TZA,Sub-Saharan Africa,Lower middle income,2010,10.94,10.41,10.93,0.957,26.36,7.32,0
Tanzania,TZA,Sub-Saharan Africa,Lower middle income,2011,7.57,8.1,8.98,0.663,14.09,3.02,0
Tanzania,TZA,Sub-Saharan Africa,Lower middle income,2012,11.64,9.62,14.48,1.019,16.65,7.3,0
Tanzania,TZA,Sub-Saharan Africa,Lower middle income,2013,5.69,4.8,6.03,0.498,12.41,2.06,0
Tanzania,TZA,Sub-Saharan Africa,Lower middle income,2014,10.31,9.4,9.04,0.903,24.97,5.44,0
Tanzania,TZA,Sub-Saharan Africa,Lower middle income,2015,7.84,6.32,8.96,0.686,16.48,3.92,0
Tanzania,TZA,Sub-Saharan Africa,Lower middle income,2016,4.31,3.72,4.56,0.377,10.31,2.87,0
Tanzania,TZA,Sub-Saharan Africa,Lower middle income,2017,7.83,7.04,6.86,0.685,15.77,3.05,0
Tanzania,TZA,Sub-Saharan Africa,Lower middle income,2018,9.29,9.39,9.65,0.813,18.42,4.74,0
Tanzania,TZA,Sub-Saharan Africa,Lower middle income,2019,8.72,7.61,8.9,0.763,12.85,4.0,0
Tanzania,TZA,Sub-Saharan Africa,Lower middle income,2020,17.41,17.91,16.41,1.523,32.29,9.26,0
Tanzania,TZA,Sub-Saharan Africa,Lower middle income,2021,9.95,9.86,8.92,0.871,17.98,3.08,0
Tanzania,TZA,Sub-Saharan Africa,Lower middle income,2022,8.74,8.46,9.03,0.765,17.06,3.75,0
Tanzania,TZA,Sub-Saharan Africa,Lower middle income,2023,4.05,4.3,4.84,0.354,9.31,3.22,0
Tanzania,TZA,Sub-Saharan Africa,Lower middle income,2024,7.63,7.16,8.3,0.667,16.91,5.23,0
Tanzania,TZA,Sub-Saharan Africa,Lower middle income,2025,7.76,7.81,8.41,0.679,15.5,4.39,0
Kenya,KEN,Sub-Saharan Africa,Lower middle income,2010,13.84,13.05,16.32,0.976,18.94,7.0,0
Kenya,KEN,Sub-Saharan Africa,Lower middle income,2011,9.71,8.12,11.79,0.685,19.11,4.5,0
Kenya,KEN,Sub-Saharan Africa,Lower middle income,2012,10.91,11.63,12.31,0.769,14.24,6.29,0
Kenya,KEN,Sub-Saharan Africa,Lower middle income,2013,10.79,11.24,10.08,0.76,18.76,3.7,0
Kenya,KEN,Sub-Saharan Africa,Lower middle income,2014,11.77,11.91,11.42,0.83,24.32,7.82,0
Kenya,KEN,Sub-Saharan Africa,Lower middle income,2015,13.12,14.43,15.05,0.925,25.09,5.62,0
Kenya,KEN,Sub-Saharan Africa,Lower middle income,2016,12.77,14.04,13.02,0.9,28.57,5.61,0
Kenya,KEN,Sub-Saharan Africa,Lower middle income,2017,13.57,12.21,13.56,0.957,19.83,9.73,0
Kenya,KEN,Sub-Saharan Africa,Lower middle income,2018,10.72,11.02,11.65,0.756,16.8,7.46,0
Kenya,KEN,Sub-Saharan Africa,Lower middle income,2019,8.78,7.9,10.45,0.619,19.9,6.96,0
Kenya,KEN,Sub-Saharan Africa,Lower middle income,2020,18.56,16.88,16.47,1.309,46.34,6.97,0
Kenya,KEN,Sub-Saharan Africa,Lower middle income,2021,13.6,11.09,13.99,0.959,29.45,9.42,0
Kenya,KEN,Sub-Saharan Africa,Lower middle income,2022,8.61,8.88,8.71,0.607,11.93,5.68,0
Kenya,KEN,Sub-Saharan Africa,Lower middle income,2023,12.56,10.16,14.54,0.885,24.27,8.18,0
Kenya,KEN,Sub-Saharan Africa,Lower middle income,2024,12.28,12.03,13.9,0.866,23.98,9.15,0
Kenya,KEN,Sub-Saharan Africa,Lower middle income,2025,8.76,8.08,7.98,0.617,16.03,2.68,0
Uganda,UGA,Sub-Saharan Africa,Low income,2010,19.25,19.16,19.37,1.328,34.16,13.01,0
Uganda,UGA,Sub-Saharan Africa,Low income,2011,18.56,19.43,17.79,1.28,44.24,9.37,0
Uganda,UGA,Sub-Saharan Africa,Low income,2012,18.46,17.34,20.19,1.274,35.95,13.21,0
Uganda,UGA,Sub-Saharan Africa,Low income,2013,20.25,17.62,18.86,1.397,48.43,9.54,0
Uganda,UGA,Sub-Saharan Africa,Low income,2014,18.86,20.29,22.46,1.301,36.7,11.28,0
Uganda,UGA,Sub-Saharan Africa,Low income,2015,17.5,15.72,18.42,1.207,36.53,12.47,0
Uganda,UGA,Sub-Saharan Africa,Low income,2016,21.34,18.98,18.76,1.472,40.13,8.45,0
Uganda,UGA,Sub-Saharan Africa,Low income,2017,19.08,17.41,19.84,1.317,42.43,11.16,0
Uganda,UGA,Sub-Saharan Africa,Low income,2018,16.75,18.18,15.98,1.156,26.37,7.99,0
Uganda,UGA,Sub-Saharan Africa,Low income,2019,20.28,19.74,19.07,1.399,28.09,9.54,0
Uganda,UGA,Sub-Saharan Africa,Low income,2020,27.38,29.31,28.34,1.89,36.31,20.8,0
Uganda,UGA,Sub-Saharan Africa,Low income,2021,25.67,23.34,29.02,1.771,47.66,15.78,0
Uganda,UGA,Sub-Saharan Africa,Low income,2022,20.08,18.56,22.89,1.386,42.72,9.8,0
Uganda,UGA,Sub-Saharan Africa,Low income,2023,17.75,14.89,22.17,1.225,32.25,9.34,0
Uganda,UGA,Sub-Saharan Africa,Low income,2024,15.73,14.8,13.86,1.085,28.15,6.2,0
Uganda,UGA,Sub-Saharan Africa,Low income,2025,18.73,18.35,16.67,1.292,27.44,13.25,0
Mozambique,MOZ,Sub-Saharan Africa,Low income,2010,19.86,19.17,23.89,0.953,28.51,14.57,0
Mozambique,MOZ,Sub-Saharan Africa,Low income,2011,20.63,20.67,25.11,0.99,33.82,7.92,0
Mozambique,MOZ,Sub-Saharan Africa,Low income,2012,17.86,15.53,15.71,0.857,31.85,9.07,0
Mozambique,MOZ,Sub-Saharan Africa,Low income,2013,16.75,14.99,14.81,0.804,36.45,10.41,0
Mozambique,MOZ,Sub-Saharan Africa,Low income,2014,14.28,12.91,17.78,0.686,18.77,5.72,0
Mozambique,MOZ,Sub-Saharan Africa,Low income,2015,15.31,13.9,19.12,0.735,25.72,12.23,0
Mozambique,MOZ,Sub-Saharan Africa,Low income,2016,18.11,18.67,19.88,0.869,31.73,11.15,0
Mozambique,MOZ,Sub-Saharan Africa,Low income,2017,15.37,13.22,15.35,0.738,27.13,11.41,0
Mozambique,MOZ,Sub-Saharan Africa,Low income,2018,18.18,15.64,18.62,0.873,27.71,8.14,0
Mozambique,MOZ,Sub-Saharan Africa,Low income,2019,17.24,14.87,15.01,0.828,23.82,6.99,0
Mozambique,MOZ,Sub-Saharan Africa,Low income,2020,19.76,21.66,18.26,0.948,39.7,12.8,0
Mozambique,MOZ,Sub-Saharan Africa,Low income,2021,29.33,29.5,36.49,1.408,44.81,19.38,0
Mozambique,MOZ,Sub-Saharan Africa,Low income,2022,17.34,14.98,17.47,0.832,27.97,12.46,0
Mozambique,MOZ,Sub-Saharan Africa,Low income,2023,16.17,16.09,18.26,0.776,28.35,6.52,0
Mozambique,MOZ,Sub-Saharan Africa,Low income,2024,17.1,14.15,20.02,0.821,32.9,8.59,0
Mozambique,MOZ,Sub-Saharan Africa,Low income,2025,18.53,18.37,23.09,0.89,27.09,11.14,0
Ghana,GHA,Sub-Saharan Africa,Lower middle income,2010,3.92,3.84,3.99,0.167,8.33,2.35,0
Ghana,GHA,Sub-Saharan Africa,Lower middle income,2011,6.69,6.95,7.76,0.284,13.94,4.91,0
Ghana,GHA,Sub-Saharan Africa,Lower middle income,2012,7.77,7.02,9.56,0.33,19.29,3.34,0
Ghana,GHA,Sub-Saharan Africa,Lower middle income,2013,6.45,5.41,6.82,0.274,8.98,5.04,0
Ghana,GHA,Sub-Saharan Africa,Lower middle income,2014,5.42,5.78,6.55,0.23,12.22,1.8,0
Ghana,GHA,Sub-Saharan Africa,Lower middle income,2015,3.78,3.71,4.27,0.161,7.02,1.55,0
Ghana,GHA,Sub-Saharan Africa,Lower middle income,2016,3.79,3.09,3.32,0.161,7.27,1.61,0
Ghana,GHA,Sub-Saharan Africa,Lower middle income,2017,4.83,4.49,4.81,0.205,7.84,3.81,0
Ghana,GHA,Sub-Saharan Africa,Lower middle income,2018,5.53,4.55,5.87,0.235,10.08,1.83,0
Ghana,GHA,Sub-Saharan Africa,Lower middle income,2019,0.78,0.86,0.77,0.033,1.58,0.25,0
Ghana,GHA,Sub-Saharan Africa,Lower middle income,2020,11.93,10.76,12.01,0.507,21.89,5.47,0
Ghana,GHA,Sub-Saharan Africa,Lower middle income,2021,11.65,9.33,12.07,0.495,25.25,5.14,0
Ghana,GHA,Sub-Saharan Africa,Lower middle income,2022,4.39,4.55,3.79,0.187,7.64,2.42,0
Ghana,GHA,Sub-Saharan Africa,Lower middle income,2023,5.09,5.42,6.1,0.217,12.42,3.5,0
Ghana,GHA,Sub-Saharan Africa,Lower middle income,2024,4.14,4.04,3.54,0.176,8.1,1.74,0
Ghana,GHA,Sub-Saharan Africa,Lower middle income,2025,1.76,1.83,2.03,0.075,2.4,1.1,0
Mali,MLI,Sub-Saharan Africa,Low income,2010,22.0,18.09,23.89,0.759,34.95,11.27,1
Mali,MLI,Sub-Saharan Africa,Low income,2011,21.66,22.89,25.56,0.747,35.44,11.96,1
Mali,MLI,Sub-Saharan Africa,Low income,2012,20.84,20.38,24.25,0.719,31.81,14.6,1
Mali,MLI,Sub-Saharan Africa,Low income,2013,22.2,21.34,21.98,0.766,35.08,17.43,1
Mali,MLI,Sub-Saharan Africa,Low income,2014,18.43,15.65,15.84,0.636,26.58,12.81,1
Mali,MLI,Sub-Saharan Africa,Low income,2015,18.25,15.34,16.3,0.629,38.24,7.22,1
Mali,MLI,Sub-Saharan Africa,Low income,2016,22.25,18.51,21.29,0.768,53.27,13.38,1
Mali,MLI,Sub-Saharan Africa,Low income,2017,19.77,18.38,23.89,0.682,46.94,12.69,1
Mali,MLI,Sub-Saharan Africa,Low income,2018,21.03,19.92,22.43,0.725,32.95,11.41,1
Mali,MLI,Sub-Saharan Africa,Low income,2019,23.1,24.8,23.08,0.797,32.14,7.8,1
Mali,MLI,Sub-Saharan Africa,Low income,2020,33.75,30.94,30.54,1.164,54.01,16.56,1
Mali,MLI,Sub-Saharan Africa,Low income,2021,32.63,26.84,38.55,1.126,59.84,9.92,1
Mali,MLI,Sub-Saharan Africa,Low income,2022,18.82,18.62,22.06,0.649,33.66,14.16,1
Mali,MLI,Sub-Saharan Africa,Low income,2023,19.52,21.1,16.75,0.673,44.84,7.92,1
Mali,MLI,Sub-Saharan Africa,Low income,2024,19.12,16.87,16.74,0.66,45.32,12.87,1
Mali,MLI,Sub-Saharan Africa,Low income,2025,17.01,17.05,17.48,0.587,25.47,13.28,1
Niger,NER,Sub-Saharan Africa,Low income,2010,23.09,22.41,25.37,0.947,51.21,18.1,0
Niger,NER,Sub-Saharan Africa,Low income,2011,24.81,20.38,24.64,1.017,41.61,16.23,0
Niger,NER,Sub-Saharan Africa,Low income,2012,21.31,20.75,26.17,0.874,40.11,16.63,0
Niger,NER,Sub-Saharan Africa,Low income,2013,21.4,22.87,21.48,0.877,32.76,8.78,0
Niger,NER,Sub-Saharan Africa,Low income,2014,21.83,22.9,19.56,0.895,46.11,16.83,0
Niger,NER,Sub-Saharan Africa,Low income,2015,18.91,19.74,20.35,0.775,31.0,5.97,0
Niger,NER,Sub-Saharan Africa,Low income,2016,18.27,16.98,16.63,0.749,35.42,7.11,0
Niger,NER,Sub-Saharan Africa,Low income,2017,18.87,16.4,16.84,0.773,46.0,8.31,0
Niger,NER,Sub-Saharan Africa,Low income,2018,19.26,20.21,18.41,0.79,33.68,11.09,0
Niger,NER,Sub-Saharan Africa,Low income,2019,17.81,14.84,19.76,0.73,23.63,9.65,0
Niger,NER,Sub-Saharan Africa,Low income,2020,24.06,21.24,24.44,0.986,54.21,17.42,0
Niger,NER,Sub-Saharan Africa,Low income,2021,32.53,33.69,30.52,1.334,59.34,18.0,0
Niger,NER,Sub-Saharan Africa,Low income,2022,23.19,22.52,27.85,0.951,42.85,14.41,0
Niger,NER,Sub-Saharan Africa,Low income,2023,20.45,19.78,22.15,0.839,38.95,7.83,0
Niger,NER,Sub-Saharan Africa,Low income,2024,20.2,20.79,19.23,0.828,45.56,10.44,0
Niger,NER,Sub-Saharan Africa,Low income,2025,17.24,17.95,18.68,0.707,28.62,10.75,0
Burkina Faso,BFA,Sub-Saharan Africa,Low income,2010,21.44,22.84,24.23,0.761,43.81,17.04,0
Burkina Faso,BFA,Sub-Saharan Africa,Low income,2011,19.63,15.76,23.34,0.697,25.96,13.62,0
Burkina Faso,BFA,Sub-Saharan Africa,Low income,2012,15.67,13.37,16.7,0.556,36.64,7.71,0
Burkina Faso,BFA,Sub-Saharan Africa,Low income,2013,14.99,14.99,13.1,0.532,20.44,11.55,0
Burkina Faso,BFA,Sub-Saharan Africa,Low income,2014,17.7,17.04,16.32,0.628,27.62,5.79,0
Burkina Faso,BFA,Sub-Saharan Africa,Low income,2015,17.43,14.13,19.87,0.619,36.9,8.69,0
Burkina Faso,BFA,Sub-Saharan Africa,Low income,2016,16.83,18.17,20.37,0.597,41.16,10.21,0
Burkina Faso,BFA,Sub-Saharan Africa,Low income,2017,17.76,14.43,17.14,0.631,33.9,7.16,0
Burkina Faso,BFA,Sub-Saharan Africa,Low income,2018,19.16,16.03,19.34,0.68,46.35,12.52,0
Burkina Faso,BFA,Sub-Saharan Africa,Low income,2019,15.96,13.43,13.98,0.567,23.3,6.62,0
Burkina Faso,BFA,Sub-Saharan Africa,Low income,2020,25.99,22.39,29.73,0.923,63.3,17.28,0
Burkina Faso,BFA,Sub-Saharan Africa,Low income,2021,20.74,17.46,18.66,0.736,43.11,10.52,0
Burkina Faso,BFA,Sub-Saharan Africa,Low income,2022,17.77,14.98,18.5,0.631,23.41,12.36,0
Burkina Faso,BFA,Sub-Saharan Africa,Low income,2023,15.2,15.96,16.28,0.54,33.98,6.79,0
Burkina Faso,BFA,Sub-Saharan Africa,Low income,2024,18.6,19.17,17.24,0.66,32.99,11.28,0
Burkina Faso,BFA,Sub-Saharan Africa,Low income,2025,14.17,15.55,15.03,0.503,31.98,5.66,0
Malawi,MWI,Sub-Saharan Africa,Low income,2010,26.95,26.35,28.52,0.795,53.12,10.46,0
Malawi,MWI,Sub-Saharan Africa,Low income,2011,25.4,25.87,21.68,0.749,38.1,15.63,0
Malawi,MWI,Sub-Saharan Africa,Low income,2012,22.58,22.31,25.61,0.666,44.02,14.54,0
Malawi,MWI,Sub-Saharan Africa,Low income,2013,23.66,24.37,27.98,0.698,41.22,13.48,0
Malawi,MWI,Sub-Saharan Africa,Low income,2014,25.29,20.91,23.22,0.746,59.43,20.16,0
Malawi,MWI,Sub-Saharan Africa,Low income,2015,23.27,24.93,20.2,0.687,57.35,8.48,0
Malawi,MWI,Sub-Saharan Africa,Low income,2016,26.8,25.86,33.35,0.791,41.71,18.98,0
Malawi,MWI,Sub-Saharan Africa,Low income,2017,23.73,22.15,26.54,0.7,35.09,10.46,0
Malawi,MWI,Sub-Saharan Africa,Low income,2018,23.85,21.9,22.64,0.704,59.02,17.42,0
Malawi,MWI,Sub-Saharan Africa,Low income,2019,22.07,18.35,23.38,0.651,30.98,8.68,0
Malawi,MWI,Sub-Saharan Africa,Low income,2020,27.68,28.65,29.6,0.817,47.89,12.32,0
Malawi,MWI,Sub-Saharan Africa,Low income,2021,34.67,29.9,40.36,1.023,49.51,22.32,0
Malawi,MWI,Sub-Saharan Africa,Low income,2022,28.17,29.21,31.41,0.831,41.24,12.51,0
Malawi,MWI,Sub-Saharan Africa,Low income,2023,22.05,21.77,27.54,0.651,55.01,16.04,0
Malawi,MWI,Sub-Saharan Africa,Low income,2024,20.7,19.97,20.98,0.611,28.07,10.85,0
Malawi,MWI,Sub-Saharan Africa,Low income,2025,22.29,23.38,19.86,0.658,29.35,15.04,0
Senegal,SEN,Sub-Saharan Africa,Lower middle income,2010,14.52,12.01,13.84,0.378,24.4,10.32,0
Senegal,SEN,Sub-Saharan Africa,Lower middle income,2011,14.15,13.7,13.37,0.368,24.0,8.45,0
Senegal,SEN,Sub-Saharan Africa,Lower middle income,2012,11.82,12.19,12.9,0.307,27.83,7.41,0
Senegal,SEN,Sub-Saharan Africa,Lower middle income,2013,15.18,12.95,18.64,0.395,28.08,5.72,0
Senegal,SEN,Sub-Saharan Africa,Lower middle income,2014,14.69,12.85,16.48,0.382,34.05,5.71,0
Senegal,SEN,Sub-Saharan Africa,Lower middle income,2015,12.27,10.89,15.19,0.319,30.35,9.81,0
Senegal,SEN,Sub-Saharan Africa,Lower middle income,2016,14.18,14.18,12.55,0.369,19.32,11.31,0
Senegal,SEN,Sub-Saharan Africa,Lower middle income,2017,15.44,16.01,18.66,0.402,32.33,6.92,0
Senegal,SEN,Sub-Saharan Africa,Lower middle income,2018,13.85,14.48,14.98,0.36,24.67,10.32,0
Senegal,SEN,Sub-Saharan Africa,Lower middle income,2019,13.55,14.78,13.6,0.352,33.15,4.55,0
Senegal,SEN,Sub-Saharan Africa,Lower middle income,2020,25.57,27.4,29.57,0.665,54.44,14.37,0
Senegal,SEN,Sub-Saharan Africa,Lower middle income,2021,18.52,15.95,21.44,0.481,29.74,13.75,0
Senegal,SEN,Sub-Saharan Africa,Lower middle income,2022,14.47,14.15,12.31,0.376,19.97,9.7,0
Senegal,SEN,Sub-Saharan Africa,Lower middle income,2023,12.85,13.38,12.59,0.334,18.63,7.77,0
Senegal,SEN,Sub-Saharan Africa,Lower middle income,2024,12.73,12.4,12.02,0.331,19.59,3.83,0
Senegal,SEN,Sub-Saharan Africa,Lower middle income,2025,12.19,11.67,10.97,0.317,27.62,4.37,0
Chad,TCD,Sub-Saharan Africa,Low income,2010,24.46,24.16,20.96,0.673,39.5,8.56,1
Chad,TCD,Sub-Saharan Africa,Low income,2011,25.8,25.43,28.58,0.71,40.66,17.85,1
Chad,TCD,Sub-Saharan Africa,Low income,2012,24.98,24.23,28.64,0.687,42.31,16.24,1
Chad,TCD,Sub-Saharan Africa,Low income,2013,25.83,26.81,30.58,0.71,38.14,8.56,1
Chad,TCD,Sub-Saharan Africa,Low income,2014,25.05,23.87,29.59,0.689,57.42,13.04,1
Chad,TCD,Sub-Saharan Africa,Low income,2015,22.96,22.21,23.93,0.631,36.99,12.32,1
Chad,TCD,Sub-Saharan Africa,Low income,2016,24.13,21.7,27.98,0.664,36.88,15.39,1
Chad,TCD,Sub-Saharan Africa,Low income,2017,25.05,27.19,28.66,0.689,53.6,8.44,1
Chad,TCD,Sub-Saharan Africa,Low income,2018,21.89,21.47,22.58,0.602,54.62,10.76,1
Chad,TCD,Sub-Saharan Africa,Low income,2019,25.08,26.55,24.08,0.69,50.04,13.45,1
Chad,TCD,Sub-Saharan Africa,Low income,2020,34.96,35.59,30.02,0.961,75.0,12.88,1
Chad,TCD,Sub-Saharan Africa,Low income,2021,39.67,39.85,41.05,1.091,75.0,22.59,1
Chad,TCD,Sub-Saharan Africa,Low income,2022,22.89,22.71,19.7,0.63,38.24,17.56,1
Chad,TCD,Sub-Saharan Africa,Low income,2023,23.7,20.33,21.4,0.652,30.96,15.61,1
Chad,TCD,Sub-Saharan Africa,Low income,2024,25.42,23.78,29.63,0.699,38.2,9.13,1
Chad,TCD,Sub-Saharan Africa,Low income,2025,19.77,19.21,23.63,0.544,41.21,11.41,1
South Sudan,SSD,Sub-Saharan Africa,Low income,2010,22.67,23.83,23.34,0.385,51.68,15.08,1
South Sudan,SSD,Sub-Saharan Africa,Low income,2011,23.28,24.14,26.45,0.396,41.35,14.69,1
South Sudan,SSD,Sub-Saharan Africa,Low income,2012,24.46,21.44,27.18,0.416,39.55,14.43,1
South Sudan,SSD,Sub-Saharan Africa,Low income,2013,21.66,18.81,19.97,0.368,32.82,15.85,1
South Sudan,SSD,Sub-Saharan Africa,Low income,2014,23.85,21.65,25.58,0.405,51.67,11.59,1
South Sudan,SSD,Sub-Saharan Africa,Low income,2015,25.33,21.72,21.95,0.431,43.63,9.23,1
South Sudan,SSD,Sub-Saharan Africa,Low income,2016,24.28,22.14,29.97,0.413,51.7,10.66,1
South Sudan,SSD,Sub-Saharan Africa,Low income,2017,22.87,21.86,19.59,0.389,51.87,8.83,1
South Sudan,SSD,Sub-Saharan Africa,Low income,2018,21.38,22.19,23.79,0.363,37.73,7.04,1
South Sudan,SSD,Sub-Saharan Africa,Low income,2019,20.54,20.81,18.41,0.349,27.44,6.4,1
South Sudan,SSD,Sub-Saharan Africa,Low income,2020,37.12,37.6,41.14,0.631,75.0,19.42,1
South Sudan,SSD,Sub-Saharan Africa,Low income,2021,28.92,23.22,33.05,0.492,41.11,20.04,1
South Sudan,SSD,Sub-Saharan Africa,Low income,2022,21.86,19.87,23.06,0.372,47.97,11.1,1
South Sudan,SSD,Sub-Saharan Africa,Low income,2023,21.52,18.63,26.87,0.366,49.31,13.49,1
South Sudan,SSD,Sub-Saharan Africa,Low income,2024,19.98,17.08,19.71,0.34,26.42,14.1,1
South Sudan,SSD,Sub-Saharan Africa,Low income,2025,18.72,18.6,20.16,0.318,30.06,13.49,1
Rwanda,RWA,Sub-Saharan Africa,Low income,2010,27.21,23.11,24.33,0.476,53.24,16.32,0
Rwanda,RWA,Sub-Saharan Africa,Low income,2011,25.02,22.86,26.7,0.438,43.4,8.88,0
Rwanda,RWA,Sub-Saharan Africa,Low income,2012,25.43,26.4,29.41,0.445,60.04,15.01,0
Rwanda,RWA,Sub-Saharan Africa,Low income,2013,26.56,26.97,33.0,0.465,42.74,19.62,0
Rwanda,RWA,Sub-Saharan Africa,Low income,2014,26.1,27.96,23.26,0.457,50.61,18.88,0
Rwanda,RWA,Sub-Saharan Africa,Low income,2015,26.76,28.05,29.85,0.468,62.84,19.49,0
Rwanda,RWA,Sub-Saharan Africa,Low income,2016,24.32,24.36,21.99,0.426,32.45,15.21,0
Rwanda,RWA,Sub-Saharan Africa,Low income,2017,24.44,25.57,27.18,0.428,49.17,12.57,0
Rwanda,RWA,Sub-Saharan Africa,Low income,2018,26.38,24.05,30.18,0.462,63.29,9.2,0
Rwanda,RWA,Sub-Saharan Africa,Low income,2019,27.18,22.67,31.42,0.476,56.57,11.81,0
Rwanda,RWA,Sub-Saharan Africa,Low income,2020,35.77,38.89,32.85,0.626,71.7,17.23,0
Rwanda,RWA,Sub-Saharan Africa,Low income,2021,33.66,27.88,39.8,0.589,63.84,22.41,0
Rwanda,RWA,Sub-Saharan Africa,Low income,2022,27.57,27.23,26.35,0.482,54.55,14.28,0
Rwanda,RWA,Sub-Saharan Africa,Low income,2023,24.86,26.25,31.02,0.435,33.73,10.7,0
Rwanda,RWA,Sub-Saharan Africa,Low income,2024,22.08,20.58,20.27,0.386,30.97,14.64,0
Rwanda,RWA,Sub-Saharan Africa,Low income,2025,25.14,23.36,22.04,0.44,56.28,15.31,0
Guinea,GIN,Sub-Saharan Africa,Low income,2010,19.57,20.99,23.82,0.411,40.96,9.26,0
Guinea,GIN,Sub-Saharan Africa,Low income,2011,18.59,15.87,17.06,0.39,41.95,6.66,0
Guinea,GIN,Sub-Saharan Africa,Low income,2012,19.41,17.22,20.03,0.408,26.22,14.14,0
Guinea,GIN,Sub-Saharan Africa,Low income,2013,18.4,20.08,20.04,0.386,26.95,12.39,0
Guinea,GIN,Sub-Saharan Africa,Low income,2014,18.06,15.88,21.91,0.379,30.89,6.69,0
Guinea,GIN,Sub-Saharan Africa,Low income,2015,18.59,18.03,16.85,0.39,25.99,7.58,0
Guinea,GIN,Sub-Saharan Africa,Low income,2016,18.99,18.13,20.58,0.399,39.66,13.58,0
Guinea,GIN,Sub-Saharan Africa,Low income,2017,17.51,15.56,17.63,0.368,24.58,13.2,0
Guinea,GIN,Sub-Saharan Africa,Low income,2018,19.34,15.95,17.77,0.406,37.64,14.03,0
Guinea,GIN,Sub-Saharan Africa,Low income,2019,17.71,15.91,17.34,0.372,34.73,12.73,0
Guinea,GIN,Sub-Saharan Africa,Low income,2020,32.17,27.05,37.8,0.676,62.58,14.15,0
Guinea,GIN,Sub-Saharan Africa,Low income,2021,27.06,26.62,27.51,0.568,45.64,15.93,0
Guinea,GIN,Sub-Saharan Africa,Low income,2022,21.04,20.25,19.28,0.442,36.1,11.72,0
Guinea,GIN,Sub-Saharan Africa,Low income,2023,12.46,12.02,12.3,0.262,24.09,6.06,0
Guinea,GIN,Sub-Saharan Africa,Low income,2024,17.16,16.85,14.8,0.36,31.53,9.26,0
Guinea,GIN,Sub-Saharan Africa,Low income,2025,19.42,15.64,20.3,0.408,26.96,12.01,0
Sierra Leone,SLE,Sub-Saharan Africa,Low income,2010,17.77,16.86,21.05,0.222,31.65,7.42,0
Sierra Leone,SLE,Sub-Saharan Africa,Low income,2011,19.01,16.65,17.41,0.238,39.84,9.04,0
Sierra Leone,SLE,Sub-Saharan Africa,Low income,2012,18.78,16.94,18.72,0.235,39.73,8.53,0
Sierra Leone,SLE,Sub-Saharan Africa,Low income,2013,19.62,17.19,22.89,0.245,45.49,15.11,0
Sierra Leone,SLE,Sub-Saharan Africa,Low income,2014,20.31,20.06,19.43,0.254,27.17,6.87,0
Sierra Leone,SLE,Sub-Saharan Africa,Low income,2015,18.5,17.87,17.38,0.231,28.69,10.01,0
Sierra Leone,SLE,Sub-Saharan Africa,Low income,2016,19.56,21.21,21.73,0.244,32.59,12.1,0
Sierra Leone,SLE,Sub-Saharan Africa,Low income,2017,15.44,15.42,15.45,0.193,22.78,8.26,0
Sierra Leone,SLE,Sub-Saharan Africa,Low income,2018,16.38,15.34,14.1,0.205,28.37,9.03,0
Sierra Leone,SLE,Sub-Saharan Africa,Low income,2019,19.36,20.57,23.07,0.242,26.85,15.11,0
Sierra Leone,SLE,Sub-Saharan Africa,Low income,2020,29.52,26.46,26.36,0.369,71.87,18.97,0
Sierra Leone,SLE,Sub-Saharan Africa,Low income,2021,30.99,26.26,31.83,0.387,42.76,22.83,0
Sierra Leone,SLE,Sub-Saharan Africa,Low income,2022,17.82,14.71,16.14,0.223,29.27,12.8,0
Sierra Leone,SLE,Sub-Saharan Africa,Low income,2023,17.13,13.93,19.06,0.214,31.17,11.57,0
Sierra Leone,SLE,Sub-Saharan Africa,Low income,2024,15.86,13.28,13.83,0.198,21.09,7.62,0
Sierra Leone,SLE,Sub-Saharan Africa,Low income,2025,12.64,10.24,15.74,0.158,19.32,7.31,0
Cameroon,CMR,Sub-Saharan Africa,Lower middle income,2010,7.94,6.48,9.87,0.322,18.26,6.32,0
Cameroon,CMR,Sub-Saharan Africa,Lower middle income,2011,8.04,8.49,8.32,0.326,14.73,3.92,0
Cameroon,CMR,Sub-Saharan Africa,Lower middle income,2012,7.85,7.69,7.39,0.318,15.41,5.23,0
Cameroon,CMR,Sub-Saharan Africa,Lower middle income,2013,5.1,5.0,4.4,0.206,11.36,2.97,0
Cameroon,CMR,Sub-Saharan Africa,Lower middle income,2014,4.96,4.68,5.85,0.201,10.48,3.13,0
Cameroon,CMR,Sub-Saharan Africa,Lower middle income,2015,5.78,5.77,6.82,0.234,13.76,3.1,0
Cameroon,CMR,Sub-Saharan Africa,Lower middle income,2016,4.52,4.58,4.29,0.183,6.64,3.05,0
Cameroon,CMR,Sub-Saharan Africa,Lower middle income,2017,6.65,7.11,7.36,0.269,10.4,5.06,0
Cameroon,CMR,Sub-Saharan Africa,Lower middle income,2018,4.6,4.33,5.03,0.186,9.76,3.48,0
Cameroon,CMR,Sub-Saharan Africa,Lower middle income,2019,8.01,8.16,7.12,0.324,15.81,5.04,0
Cameroon,CMR,Sub-Saharan Africa,Lower middle income,2020,18.14,19.45,20.2,0.734,27.2,10.94,0
Cameroon,CMR,Sub-Saharan Africa,Lower middle income,2021,13.7,12.94,15.94,0.555,24.96,7.9,0
Cameroon,CMR,Sub-Saharan Africa,Lower middle income,2022,6.89,6.53,6.07,0.279,16.65,3.97,0
Cameroon,CMR,Sub-Saharan Africa,Lower middle income,2023,5.28,5.26,5.23,0.214,12.54,2.37,0
Cameroon,CMR,Sub-Saharan Africa,Lower middle income,2024,2.07,1.81,2.21,0.084,4.46,0.8,0
Cameroon,CMR,Sub-Saharan Africa,Lower middle income,2025,4.8,5.22,4.26,0.194,8.42,2.96,0
South Africa,ZAF,Sub-Saharan Africa,Upper middle income,2010,5.56,5.95,5.95,0.3,8.77,4.06,0
South Africa,ZAF,Sub-Saharan Africa,Upper middle income,2011,5.14,4.89,5.21,0.277,10.68,2.74,0
South Africa,ZAF,Sub-Saharan Africa,Upper middle income,2012,4.89,4.19,5.26,0.264,10.59,2.43,0
South Africa,ZAF,Sub-Saharan Africa,Upper middle income,2013,3.89,4.18,4.62,0.21,5.79,2.71,0
South Africa,ZAF,Sub-Saharan Africa,Upper middle income,2014,5.36,4.57,5.37,0.289,11.79,2.24,0
South Africa,ZAF,Sub-Saharan Africa,Upper middle income,2015,5.09,4.58,5.4,0.275,9.25,2.61,0
South Africa,ZAF,Sub-Saharan Africa,Upper middle income,2016,3.28,3.06,3.4,0.177,6.15,1.76,0
South Africa,ZAF,Sub-Saharan Africa,Upper middle income,2017,3.23,2.95,3.66,0.175,4.74,1.31,0
South Africa,ZAF,Sub-Saharan Africa,Upper middle income,2018,3.26,3.39,3.58,0.176,4.79,2.49,0
South Africa,ZAF,Sub-Saharan Africa,Upper middle income,2019,0.75,0.71,0.91,0.04,1.33,0.31,0
South Africa,ZAF,Sub-Saharan Africa,Upper middle income,2020,9.87,8.01,11.82,0.533,20.28,6.6,0
South Africa,ZAF,Sub-Saharan Africa,Upper middle income,2021,12.42,10.55,14.52,0.671,20.75,7.02,0
South Africa,ZAF,Sub-Saharan Africa,Upper middle income,2022,7.36,7.9,7.61,0.397,12.67,4.37,0
South Africa,ZAF,Sub-Saharan Africa,Upper middle income,2023,3.16,2.54,3.83,0.171,6.3,1.6,0
South Africa,ZAF,Sub-Saharan Africa,Upper middle income,2024,4.56,4.69,5.67,0.246,9.85,3.23,0
South Africa,ZAF,Sub-Saharan Africa,Upper middle income,2025,2.38,2.35,2.5,0.129,4.22,0.74,0
India,IND,South Asia,Lower middle income,2010,10.13,9.0,8.92,12.457,19.61,4.14,0
India,IND,South Asia,Lower middle income,2011,12.03,11.74,12.44,14.791,22.3,5.64,0
India,IND,South Asia,Lower middle income,2012,8.04,8.42,7.09,9.887,13.23,3.5,0
India,IND,South Asia,Lower middle income,2013,10.1,8.77,10.64,12.424,22.88,4.64,0
India,IND,South Asia,Lower middle income,2014,5.23,5.21,5.35,6.428,10.76,1.68,0
India,IND,South Asia,Lower middle income,2015,6.99,6.45,8.54,8.597,12.65,3.85,0
India,IND,South Asia,Lower middle income,2016,12.36,11.26,11.38,15.198,20.45,9.55,0
India,IND,South Asia,Lower middle income,2017,11.2,9.71,12.17,13.78,26.27,8.92,0
India,IND,South Asia,Lower middle income,2018,6.32,5.18,7.08,7.779,13.3,3.78,0
India,IND,South Asia,Lower middle income,2019,10.46,8.44,9.26,12.861,15.12,6.46,0
India,IND,South Asia,Lower middle income,2020,19.25,17.02,23.05,23.68,27.38,11.87,0
India,IND,South Asia,Lower middle income,2021,15.54,16.04,15.67,19.118,27.24,6.39,0
India,IND,South Asia,Lower middle income,2022,12.08,11.93,14.04,14.861,20.82,8.01,0
India,IND,South Asia,Lower middle income,2023,7.28,7.93,6.48,8.95,12.47,3.54,0
India,IND,South Asia,Lower middle income,2024,7.54,6.18,8.39,9.278,16.42,3.94,0
India,IND,South Asia,Lower middle income,2025,7.66,6.62,7.82,9.428,9.97,3.89,0
Pakistan,PAK,South Asia,Lower middle income,2010,8.96,9.31,10.52,2.566,20.23,3.55,0
Pakistan,PAK,South Asia,Lower middle income,2011,7.64,6.56,9.3,2.19,14.42,4.56,0
Pakistan,PAK,South Asia,Lower middle income,2012,7.66,7.05,6.55,2.193,18.24,4.65,0
Pakistan,PAK,South Asia,Lower middle income,2013,9.87,7.97,8.72,2.828,16.03,4.06,0
Pakistan,PAK,South Asia,Lower middle income,2014,8.38,7.72,9.75,2.401,13.77,5.06,0
Pakistan,PAK,South Asia,Lower middle income,2015,10.08,8.59,9.17,2.887,15.32,4.73,0
Pakistan,PAK,South Asia,Lower middle income,2016,10.36,10.05,10.42,2.967,16.15,4.04,0
Pakistan,PAK,South Asia,Lower middle income,2017,9.79,8.42,11.1,2.805,22.75,5.47,0
Pakistan,PAK,South Asia,Lower middle income,2018,8.2,8.38,8.05,2.349,11.76,3.18,0
Pakistan,PAK,South Asia,Lower middle income,2019,7.7,8.39,6.98,2.205,17.01,4.59,0
Pakistan,PAK,South Asia,Lower middle income,2020,19.82,16.6,24.16,5.68,36.86,13.79,0
Pakistan,PAK,South Asia,Lower middle income,2021,12.38,10.35,13.05,3.547,19.88,5.73,0
Pakistan,PAK,South Asia,Lower middle income,2022,6.8,6.46,6.75,1.947,13.08,2.63,0
Pakistan,PAK,South Asia,Lower middle income,2023,7.48,6.7,8.56,2.143,12.22,5.22,0
Pakistan,PAK,South Asia,Lower middle income,2024,6.6,6.03,7.49,1.891,15.13,3.45,0
Pakistan,PAK,South Asia,Lower middle income,2025,8.17,6.61,9.65,2.341,14.86,5.86,0
Bangladesh,BGD,South Asia,Lower middle income,2010,11.25,10.49,10.5,1.66,15.49,4.63,0
Bangladesh,BGD,South Asia,Lower middle income,2011,13.1,13.24,11.63,1.932,24.71,4.44,0
Bangladesh,BGD,South Asia,Lower middle income,2012,12.74,10.2,11.47,1.879,26.61,10.13,0
Bangladesh,BGD,South Asia,Lower middle income,2013,11.42,10.08,12.02,1.684,20.54,9.05,0
Bangladesh,BGD,South Asia,Lower middle income,2014,11.05,12.09,13.43,1.631,15.59,7.84,0
Bangladesh,BGD,South Asia,Lower middle income,2015,13.29,14.12,15.11,1.96,29.88,9.44,0
Bangladesh,BGD,South Asia,Lower middle income,2016,6.42,6.21,5.6,0.948,9.05,4.87,0
Bangladesh,BGD,South Asia,Lower middle income,2017,9.44,9.41,10.81,1.393,21.8,7.55,0
Bangladesh,BGD,South Asia,Lower middle income,2018,8.73,8.63,9.71,1.288,11.7,3.17,0
Bangladesh,BGD,South Asia,Lower middle income,2019,7.4,7.39,8.8,1.092,16.55,4.91,0
Bangladesh,BGD,South Asia,Lower middle income,2020,14.3,12.37,16.03,2.109,26.06,11.42,0
Bangladesh,BGD,South Asia,Lower middle income,2021,19.75,16.84,22.15,2.913,46.17,8.79,0
Bangladesh,BGD,South Asia,Lower middle income,2022,15.1,14.15,16.54,2.227,21.29,11.26,0
Bangladesh,BGD,South Asia,Lower middle income,2023,8.96,8.0,11.13,1.322,21.4,4.94,0
Bangladesh,BGD,South Asia,Lower middle income,2024,7.12,6.03,7.86,1.05,11.03,5.21,0
Bangladesh,BGD,South Asia,Lower middle income,2025,6.93,7.61,5.95,1.023,15.23,4.29,0
Afghanistan,AFG,South Asia,Low income,2010,22.62,23.93,27.21,1.368,40.33,14.47,1
Afghanistan,AFG,South Asia,Low income,2011,25.25,21.98,30.36,1.528,54.25,19.41,1
Afghanistan,AFG,South Asia,Low income,2012,23.8,25.46,21.71,1.44,54.9,11.7,1
Afghanistan,AFG,South Asia,Low income,2013,24.27,26.27,29.06,1.468,41.54,11.71,1
Afghanistan,AFG,South Asia,Low income,2014,25.07,24.95,29.34,1.517,44.17,13.76,1
Afghanistan,AFG,South Asia,Low income,2015,25.25,20.76,23.99,1.528,33.23,10.31,1
Afghanistan,AFG,South Asia,Low income,2016,24.84,23.78,27.68,1.503,50.41,17.92,1
Afghanistan,AFG,South Asia,Low income,2017,23.06,21.35,26.46,1.395,56.8,12.83,1
Afghanistan,AFG,South Asia,Low income,2018,22.9,22.98,25.17,1.385,44.24,10.09,1
Afghanistan,AFG,South Asia,Low income,2019,23.63,23.55,28.6,1.429,47.15,17.57,1
Afghanistan,AFG,South Asia,Low income,2020,34.41,29.44,40.34,2.082,47.04,11.78,1
Afghanistan,AFG,South Asia,Low income,2021,24.96,22.7,24.21,1.51,36.85,16.73,1
Afghanistan,AFG,South Asia,Low income,2022,26.13,23.65,22.35,1.581,44.45,9.07,1
Afghanistan,AFG,South Asia,Low income,2023,17.31,14.6,21.2,1.047,36.13,9.74,1
Afghanistan,AFG,South Asia,Low income,2024,22.1,20.07,23.55,1.337,37.72,15.67,1
Afghanistan,AFG,South Asia,Low income,2025,23.95,21.62,26.35,1.449,47.71,12.71,1
Nepal,NPL,South Asia,Lower middle income,2010,10.4,9.76,12.06,0.27,14.01,6.95,0
Nepal,NPL,South Asia,Lower middle income,2011,10.02,9.84,12.22,0.26,17.42,3.52,0
Nepal,NPL,South Asia,Lower middle income,2012,7.02,7.66,8.78,0.183,10.27,3.13,0
Nepal,NPL,South Asia,Lower middle income,2013,7.99,7.32,9.84,0.208,18.11,5.68,0
Nepal,NPL,South Asia,Lower middle income,2014,6.33,6.58,6.87,0.165,11.98,3.19,0
Nepal,NPL,South Asia,Lower middle income,2015,8.33,7.7,8.12,0.217,13.27,3.67,0
Nepal,NPL,South Asia,Lower middle income,2016,8.91,9.29,10.86,0.232,17.79,5.8,0
Nepal,NPL,South Asia,Lower middle income,2017,6.62,6.8,6.0,0.172,10.61,4.1,0
Nepal,NPL,South Asia,Lower middle income,2018,6.27,6.66,6.17,0.163,13.45,2.88,0
Nepal,NPL,South Asia,Lower middle income,2019,6.32,5.29,6.21,0.164,13.75,2.02,0
Nepal,NPL,South Asia,Lower middle income,2020,20.18,19.3,23.46,0.525,27.04,13.34,0
Nepal,NPL,South Asia,Lower middle income,2021,21.21,22.78,21.38,0.552,36.67,9.92,0
Nepal,NPL,South Asia,Lower middle income,2022,7.36,6.93,6.28,0.191,14.77,5.7,0
Nepal,NPL,South Asia,Lower middle income,2023,9.81,7.87,9.91,0.255,15.87,6.8,0
Nepal,NPL,South Asia,Lower middle income,2024,6.69,6.6,7.2,0.174,14.96,5.3,0
Nepal,NPL,South Asia,Lower middle income,2025,4.2,3.54,4.72,0.109,6.04,3.23,0
Sri Lanka,LKA,South Asia,Lower middle income,2010,14.83,13.42,14.28,0.237,26.14,10.49,0
Sri Lanka,LKA,South Asia,Lower middle income,2011,13.92,14.96,16.17,0.223,19.48,6.83,0
Sri Lanka,LKA,South Asia,Lower middle income,2012,13.44,13.09,11.47,0.215,21.89,9.11,0
Sri Lanka,LKA,South Asia,Lower middle income,2013,15.46,12.68,18.09,0.247,23.25,9.98,0
Sri Lanka,LKA,South Asia,Lower middle income,2014,11.6,11.24,12.26,0.186,20.57,7.01,0
Sri Lanka,LKA,South Asia,Lower middle income,2015,13.86,15.19,16.2,0.222,20.03,9.58,0
Sri Lanka,LKA,South Asia,Lower middle income,2016,12.32,12.99,14.97,0.197,25.2,6.61,0
Sri Lanka,LKA,South Asia,Lower middle income,2017,14.73,14.7,12.88,0.236,32.49,11.67,0
Sri Lanka,LKA,South Asia,Lower middle income,2018,10.24,10.06,12.54,0.164,20.34,5.15,0
Sri Lanka,LKA,South Asia,Lower middle income,2019,14.41,12.78,13.39,0.231,28.15,8.04,0
Sri Lanka,LKA,South Asia,Lower middle income,2020,13.88,13.28,14.01,0.222,28.24,10.26,0
Sri Lanka,LKA,South Asia,Lower middle income,2021,20.03,16.79,21.85,0.32,29.35,6.9,0
Sri Lanka,LKA,South Asia,Lower middle income,2022,14.66,12.89,12.92,0.235,32.94,8.12,0
Sri Lanka,LKA,South Asia,Lower middle income,2023,12.41,12.05,11.24,0.198,30.94,8.64,0
Sri Lanka,LKA,South Asia,Lower middle income,2024,10.42,9.04,11.72,0.167,23.69,4.45,0
Sri Lanka,LKA,South Asia,Lower middle income,2025,11.57,11.42,12.63,0.185,26.95,7.38,0
Indonesia,IDN,East Asia & Pacific,Upper middle income,2010,5.31,5.13,4.99,1.244,12.84,2.11,0
Indonesia,IDN,East Asia & Pacific,Upper middle income,2011,3.77,3.31,3.85,0.881,8.83,2.57,0
Indonesia,IDN,East Asia & Pacific,Upper middle income,2012,2.01,2.2,2.02,0.47,3.36,0.8,0
Indonesia,IDN,East Asia & Pacific,Upper middle income,2013,4.89,5.1,5.27,1.144,9.32,3.89,0
Indonesia,IDN,East Asia & Pacific,Upper middle income,2014,1.59,1.68,1.57,0.371,2.37,1.07,0
Indonesia,IDN,East Asia & Pacific,Upper middle income,2015,1.14,1.21,1.29,0.266,1.57,0.74,0
Indonesia,IDN,East Asia & Pacific,Upper middle income,2016,5.88,5.66,5.17,1.375,9.71,3.29,0
Indonesia,IDN,East Asia & Pacific,Upper middle income,2017,3.1,2.73,3.73,0.724,4.21,2.38,0
Indonesia,IDN,East Asia & Pacific,Upper middle income,2018,2.33,2.26,2.16,0.545,4.13,1.31,0
Indonesia,IDN,East Asia & Pacific,Upper middle income,2019,1.06,1.07,1.16,0.248,2.42,0.6,0
Indonesia,IDN,East Asia & Pacific,Upper middle income,2020,14.87,15.48,15.44,3.48,23.04,6.2,0
Indonesia,IDN,East Asia & Pacific,Upper middle income,2021,8.13,8.4,7.37,1.903,19.04,5.59,0
Indonesia,IDN,East Asia & Pacific,Upper middle income,2022,5.71,5.55,6.07,1.336,13.14,2.67,0
Indonesia,IDN,East Asia & Pacific,Upper middle income,2023,0.1,0.1,0.1,0.023,0.18,0.1,0
Indonesia,IDN,East Asia & Pacific,Upper middle income,2024,0.34,0.36,0.39,0.079,0.76,0.17,0
Indonesia,IDN,East Asia & Pacific,Upper middle income,2025,0.1,0.1,0.11,0.023,0.22,0.1,0
Philippines,PHL,East Asia & Pacific,Lower middle income,2010,8.05,7.87,9.17,0.886,15.7,5.88,0
Philippines,PHL,East Asia & Pacific,Lower middle income,2011,9.81,10.73,10.69,1.079,13.87,4.52,0
Philippines,PHL,East Asia & Pacific,Lower middle income,2012,8.06,7.18,8.59,0.887,16.07,6.38,0
Philippines,PHL,East Asia & Pacific,Lower middle income,2013,5.18,5.2,5.99,0.569,7.65,1.74,0
Philippines,PHL,East Asia & Pacific,Lower middle income,2014,6.82,6.23,7.81,0.751,9.59,3.11,0
Philippines,PHL,East Asia & Pacific,Lower middle income,2015,7.5,7.38,8.74,0.825,13.23,4.15,0
Philippines,PHL,East Asia & Pacific,Lower middle income,2016,9.13,9.69,11.21,1.004,15.87,5.42,0
Philippines,PHL,East Asia & Pacific,Lower middle income,2017,6.52,6.47,5.83,0.718,9.65,2.16,0
Philippines,PHL,East Asia & Pacific,Lower middle income,2018,7.89,8.32,9.05,0.868,17.09,3.15,0
Philippines,PHL,East Asia & Pacific,Lower middle income,2019,9.24,8.06,10.53,1.016,13.82,4.55,0
Philippines,PHL,East Asia & Pacific,Lower middle income,2020,20.02,20.8,17.62,2.202,46.82,11.1,0
Philippines,PHL,East Asia & Pacific,Lower middle income,2021,19.3,16.44,17.19,2.123,45.91,13.06,0
Philippines,PHL,East Asia & Pacific,Lower middle income,2022,11.1,11.18,10.85,1.221,14.62,6.42,0
Philippines,PHL,East Asia & Pacific,Lower middle income,2023,9.96,9.51,11.95,1.096,18.38,6.02,0
Philippines,PHL,East Asia & Pacific,Lower middle income,2024,8.0,8.32,8.89,0.88,12.7,3.17,0
Philippines,PHL,East Asia & Pacific,Lower middle income,2025,3.52,3.06,3.79,0.387,5.23,1.1,0
Myanmar,MMR,East Asia & Pacific,Lower middle income,2010,7.18,7.31,8.94,0.334,16.33,2.47,1
Myanmar,MMR,East Asia & Pacific,Lower middle income,2011,8.2,8.65,9.11,0.381,18.69,4.77,1
Myanmar,MMR,East Asia & Pacific,Lower middle income,2012,7.35,7.6,6.47,0.342,13.05,5.57,1
Myanmar,MMR,East Asia & Pacific,Lower middle income,2013,4.93,5.16,5.87,0.229,6.57,2.55,1
Myanmar,MMR,East Asia & Pacific,Lower middle income,2014,5.65,5.9,5.47,0.263,8.32,3.14,1
Myanmar,MMR,East Asia & Pacific,Lower middle income,2015,2.83,2.35,3.29,0.132,6.15,1.67,1
Myanmar,MMR,East Asia & Pacific,Lower middle income,2016,5.76,5.09,4.99,0.268,11.12,1.97,1
Myanmar,MMR,East Asia & Pacific,Lower middle income,2017,3.04,3.25,3.67,0.141,5.3,1.51,1
Myanmar,MMR,East Asia & Pacific,Lower middle income,2018,5.46,5.83,5.13,0.254,12.49,3.68,1
Myanmar,MMR,East Asia & Pacific,Lower middle income,2019,1.76,1.64,1.8,0.082,3.71,1.24,1
Myanmar,MMR,East Asia & Pacific,Lower middle income,2020,13.97,12.91,13.71,0.649,33.84,5.67,1
Myanmar,MMR,East Asia & Pacific,Lower middle income,2021,15.19,12.22,16.33,0.706,31.69,9.4,1
Myanmar,MMR,East Asia & Pacific,Lower middle income,2022,8.29,7.23,8.74,0.385,16.89,3.09,1
Myanmar,MMR,East Asia & Pacific,Lower middle income,2023,1.87,1.89,2.03,0.087,2.53,1.39,1
Myanmar,MMR,East Asia & Pacific,Lower middle income,2024,4.16,3.46,3.6,0.193,5.73,2.69,1
Myanmar,MMR,East Asia & Pacific,Lower middle income,2025,1.75,1.58,1.6,0.082,3.92,1.04,1
Cambodia,KHM,East Asia & Pacific,Lower middle income,2010,12.03,12.38,11.51,0.18,28.11,8.63,0
Cambodia,KHM,East Asia & Pacific,Lower middle income,2011,11.67,10.65,10.22,0.175,25.66,8.13,0
Cambodia,KHM,East Asia & Pacific,Lower middle income,2012,11.34,11.11,12.7,0.17,20.18,3.88,0
Cambodia,KHM,East Asia & Pacific,Lower middle income,2013,10.37,11.35,9.65,0.156,19.23,4.31,0
Cambodia,KHM,East Asia & Pacific,Lower middle income,2014,12.65,10.98,14.6,0.19,24.06,4.16,0
Cambodia,KHM,East Asia & Pacific,Lower middle income,2015,12.26,13.38,11.28,0.184,25.05,4.41,0
Cambodia,KHM,East Asia & Pacific,Lower middle income,2016,12.63,13.73,12.56,0.189,26.13,9.75,0
Cambodia,KHM,East Asia & Pacific,Lower middle income,2017,7.85,8.0,7.58,0.118,15.9,3.31,0
Cambodia,KHM,East Asia & Pacific,Lower middle income,2018,11.16,10.03,10.84,0.167,21.35,7.54,0
Cambodia,KHM,East Asia & Pacific,Lower middle income,2019,13.25,12.46,16.09,0.199,21.36,7.24,0
Cambodia,KHM,East Asia & Pacific,Lower middle income,2020,19.16,15.7,20.56,0.287,41.43,5.93,0
Cambodia,KHM,East Asia & Pacific,Lower middle income,2021,26.99,22.59,28.68,0.405,35.18,14.93,0
Cambodia,KHM,East Asia & Pacific,Lower middle income,2022,12.64,10.54,12.22,0.19,21.53,3.95,0
Cambodia,KHM,East Asia & Pacific,Lower middle income,2023,11.62,11.19,11.84,0.174,16.02,7.95,0
Cambodia,KHM,East Asia & Pacific,Lower middle income,2024,8.0,7.8,7.18,0.12,18.51,5.61,0
Cambodia,KHM,East Asia & Pacific,Lower middle income,2025,8.81,8.61,8.31,0.132,17.12,3.96,0
Laos,LAO,East Asia & Pacific,Lower middle income,2010,12.19,13.23,12.78,0.085,23.89,8.1,0
Laos,LAO,East Asia & Pacific,Lower middle income,2011,14.01,12.42,14.93,0.098,20.49,8.81,0
Laos,LAO,East Asia & Pacific,Lower middle income,2012,11.7,11.12,14.23,0.082,22.26,5.78,0
Laos,LAO,East Asia & Pacific,Lower middle income,2013,13.54,11.18,16.36,0.095,31.1,5.21,0
Laos,LAO,East Asia & Pacific,Lower middle income,2014,14.1,11.62,12.34,0.099,33.93,4.74,0
Laos,LAO,East Asia & Pacific,Lower middle income,2015,10.67,9.94,9.67,0.075,25.57,8.32,0
Laos,LAO,East Asia & Pacific,Lower middle income,2016,12.58,10.61,11.85,0.088,19.61,8.91,0
Laos,LAO,East Asia & Pacific,Lower middle income,2017,13.33,10.75,16.54,0.093,20.35,4.93,0
Laos,LAO,East Asia & Pacific,Lower middle income,2018,14.14,12.68,13.84,0.099,33.85,9.75,0
Laos,LAO,East Asia & Pacific,Lower middle income,2019,14.55,13.43,16.68,0.102,27.07,7.65,0
Laos,LAO,East Asia & Pacific,Lower middle income,2020,21.55,19.27,19.21,0.151,43.49,7.09,0
Laos,LAO,East Asia & Pacific,Lower middle income,2021,21.12,17.19,18.54,0.148,44.75,10.25,0
Laos,LAO,East Asia & Pacific,Lower middle income,2022,13.22,12.06,14.77,0.093,29.72,8.91,0
Laos,LAO,East Asia & Pacific,Lower middle income,2023,11.15,8.96,9.67,0.078,27.57,5.3,0
Laos,LAO,East Asia & Pacific,Lower middle income,2024,9.92,9.0,10.46,0.069,19.57,4.97,0
Laos,LAO,East Asia & Pacific,Lower middle income,2025,10.17,10.91,9.29,0.071,17.17,8.06,0
Papua New Guinea,PNG,East Asia & Pacific,Lower middle income,2010,13.67,13.58,14.93,0.191,30.3,5.94,0
Papua New Guinea,PNG,East Asia & Pacific,Lower middle income,2011,10.23,8.65,10.95,0.143,19.53,7.03,0
Papua New Guinea,PNG,East Asia & Pacific,Lower middle income,2012,10.56,9.0,9.75,0.148,17.84,7.75,0
Papua New Guinea,PNG,East Asia & Pacific,Lower middle income,2013,12.61,10.74,12.81,0.177,20.96,5.11,0
Papua New Guinea,PNG,East Asia & Pacific,Lower middle income,2014,11.11,12.13,10.21,0.156,25.94,4.7,0
Papua New Guinea,PNG,East Asia & Pacific,Lower middle income,2015,11.96,11.39,12.42,0.167,25.87,5.74,0
Papua New Guinea,PNG,East Asia & Pacific,Lower middle income,2016,12.44,12.51,13.94,0.174,16.27,6.11,0
Papua New Guinea,PNG,East Asia & Pacific,Lower middle income,2017,10.3,9.57,9.36,0.144,17.99,6.25,0
Papua New Guinea,PNG,East Asia & Pacific,Lower middle income,2018,9.83,9.16,11.86,0.138,19.48,5.2,0
Papua New Guinea,PNG,East Asia & Pacific,Lower middle income,2019,10.71,9.22,12.47,0.15,22.28,7.24,0
Papua New Guinea,PNG,East Asia & Pacific,Lower middle income,2020,18.91,18.83,22.03,0.265,32.79,7.68,0
Papua New Guinea,PNG,East Asia & Pacific,Lower middle income,2021,21.65,23.68,21.55,0.303,45.04,12.11,0
Papua New Guinea,PNG,East Asia & Pacific,Lower middle income,2022,12.91,10.89,11.39,0.181,17.57,7.0,0
Papua New Guinea,PNG,East Asia & Pacific,Lower middle income,2023,7.46,7.11,8.48,0.104,12.64,5.19,0
Papua New Guinea,PNG,East Asia & Pacific,Lower middle income,2024,10.68,9.37,13.24,0.15,18.26,5.22,0
Papua New Guinea,PNG,East Asia & Pacific,Lower middle income,2025,6.66,6.77,6.5,0.093,11.71,4.98,0
China,CHN,East Asia & Pacific,Upper middle income,2010,3.59,3.81,3.07,2.749,5.32,1.15,0
China,CHN,East Asia & Pacific,Upper middle income,2011,4.05,4.04,4.11,3.099,9.17,1.28,0
China,CHN,East Asia & Pacific,Upper middle income,2012,2.97,3.18,3.07,2.275,4.9,2.38,0
China,CHN,East Asia & Pacific,Upper middle income,2013,6.02,5.42,5.22,4.609,11.53,3.87,0
China,CHN,East Asia & Pacific,Upper middle income,2014,4.81,4.67,5.58,3.681,11.14,1.75,0
China,CHN,East Asia & Pacific,Upper middle income,2015,4.41,3.73,5.49,3.374,6.69,1.99,0
China,CHN,East Asia & Pacific,Upper middle income,2016,2.04,2.14,2.36,1.564,3.54,1.61,0
China,CHN,East Asia & Pacific,Upper middle income,2017,4.43,3.73,4.47,3.39,8.83,1.9,0
China,CHN,East Asia & Pacific,Upper middle income,2018,3.32,3.57,3.91,2.542,4.4,1.34,0
China,CHN,East Asia & Pacific,Upper middle income,2019,4.4,4.74,5.22,3.367,7.0,1.94,0
China,CHN,East Asia & Pacific,Upper middle income,2020,6.68,6.84,7.58,5.113,16.24,2.51,0
China,CHN,East Asia & Pacific,Upper middle income,2021,9.3,8.22,10.06,7.111,20.87,5.02,0
China,CHN,East Asia & Pacific,Upper middle income,2022,1.34,1.41,1.41,1.027,2.66,0.56,0
China,CHN,East Asia & Pacific,Upper middle income,2023,2.48,2.72,2.21,1.899,5.53,1.01,0
China,CHN,East Asia & Pacific,Upper middle income,2024,4.14,3.97,3.57,3.169,6.73,1.73,0
China,CHN,East Asia & Pacific,Upper middle income,2025,0.1,0.1,0.1,0.076,0.21,0.1,0
Vietnam,VNM,East Asia & Pacific,Lower middle income,2010,5.04,5.0,4.42,0.383,12.14,1.83,0
Vietnam,VNM,East Asia & Pacific,Lower middle income,2011,8.03,6.91,8.13,0.61,17.42,6.09,0
Vietnam,VNM,East Asia & Pacific,Lower middle income,2012,5.95,6.54,6.77,0.452,13.4,2.33,0
Vietnam,VNM,East Asia & Pacific,Lower middle income,2013,4.15,3.53,3.59,0.315,9.34,1.94,0
Vietnam,VNM,East Asia & Pacific,Lower middle income,2014,5.54,5.09,6.43,0.421,12.0,3.39,0
Vietnam,VNM,East Asia & Pacific,Lower middle income,2015,6.77,7.07,7.43,0.515,11.85,3.1,0
Vietnam,VNM,East Asia & Pacific,Lower middle income,2016,4.39,4.35,4.99,0.333,9.8,1.44,0
Vietnam,VNM,East Asia & Pacific,Lower middle income,2017,5.39,5.36,6.31,0.409,8.51,1.82,0
Vietnam,VNM,East Asia & Pacific,Lower middle income,2018,4.28,3.64,3.72,0.325,6.03,1.72,0
Vietnam,VNM,East Asia & Pacific,Lower middle income,2019,5.06,4.58,5.04,0.385,11.82,2.7,0
Vietnam,VNM,East Asia & Pacific,Lower middle income,2020,11.83,11.01,14.67,0.899,19.47,9.09,0
Vietnam,VNM,East Asia & Pacific,Lower middle income,2021,16.3,14.04,19.86,1.239,35.71,5.76,0
Vietnam,VNM,East Asia & Pacific,Lower middle income,2022,11.77,10.54,11.74,0.894,21.17,7.13,0
Vietnam,VNM,East Asia & Pacific,Lower middle income,2023,4.54,4.29,4.35,0.345,7.06,1.46,0
Vietnam,VNM,East Asia & Pacific,Lower middle income,2024,4.99,4.52,5.09,0.379,7.41,3.22,0
Vietnam,VNM,East Asia & Pacific,Lower middle income,2025,5.2,4.73,6.46,0.395,12.07,2.2,0
Thailand,THA,East Asia & Pacific,Upper middle income,2010,2.96,2.69,3.37,0.112,4.33,1.75,0
Thailand,THA,East Asia & Pacific,Upper middle income,2011,2.91,3.03,2.81,0.111,4.16,1.49,0
Thailand,THA,East Asia & Pacific,Upper middle income,2012,0.45,0.48,0.52,0.017,1.1,0.26,0
Thailand,THA,East Asia & Pacific,Upper middle income,2013,0.1,0.1,0.1,0.004,0.17,0.1,0
Thailand,THA,East Asia & Pacific,Upper middle income,2014,0.1,0.1,0.11,0.004,0.14,0.1,0
Thailand,THA,East Asia & Pacific,Upper middle income,2015,1.74,1.56,1.82,0.066,4.28,1.27,0
Thailand,THA,East Asia & Pacific,Upper middle income,2016,0.1,0.1,0.12,0.004,0.25,0.1,0
Thailand,THA,East Asia & Pacific,Upper middle income,2017,0.1,0.1,0.1,0.004,0.22,0.1,0
Thailand,THA,East Asia & Pacific,Upper middle income,2018,0.1,0.1,0.12,0.004,0.21,0.1,0
Thailand,THA,East Asia & Pacific,Upper middle income,2019,2.97,3.25,3.62,0.113,5.58,0.89,0
Thailand,THA,East Asia & Pacific,Upper middle income,2020,15.01,15.96,16.2,0.57,37.15,7.78,0
Thailand,THA,East Asia & Pacific,Upper middle income,2021,7.67,8.35,9.35,0.292,14.28,4.44,0
Thailand,THA,East Asia & Pacific,Upper middle income,2022,0.1,0.1,0.1,0.004,0.15,0.1,0
Thailand,THA,East Asia & Pacific,Upper middle income,2023,0.1,0.1,0.12,0.004,0.2,0.1,0
Thailand,THA,East Asia & Pacific,Upper middle income,2024,0.1,0.1,0.12,0.004,0.23,0.1,0
Thailand,THA,East Asia & Pacific,Upper middle income,2025,0.1,0.1,0.11,0.004,0.16,0.1,0
Malaysia,MYS,East Asia & Pacific,Upper middle income,2010,4.4,4.65,4.92,0.112,10.25,1.85,0
Malaysia,MYS,East Asia & Pacific,Upper middle income,2011,6.43,6.91,7.82,0.164,11.39,2.28,0
Malaysia,MYS,East Asia & Pacific,Upper middle income,2012,7.59,6.33,8.36,0.193,13.37,4.64,0
Malaysia,MYS,East Asia & Pacific,Upper middle income,2013,2.47,2.41,2.11,0.063,4.12,0.8,0
Malaysia,MYS,East Asia & Pacific,Upper middle income,2014,4.16,3.94,4.75,0.106,6.15,2.23,0
Malaysia,MYS,East Asia & Pacific,Upper middle income,2015,5.33,4.74,4.83,0.136,12.37,4.12,0
Malaysia,MYS,East Asia & Pacific,Upper middle income,2016,6.81,6.62,6.21,0.174,16.71,2.7,0
Malaysia,MYS,East Asia & Pacific,Upper middle income,2017,7.13,6.24,7.09,0.182,13.48,2.87,0
Malaysia,MYS,East Asia & Pacific,Upper middle income,2018,4.76,5.22,5.94,0.121,9.64,1.47,0
Malaysia,MYS,East Asia & Pacific,Upper middle income,2019,2.97,2.53,3.37,0.076,3.87,1.91,0
Malaysia,MYS,East Asia & Pacific,Upper middle income,2020,20.28,19.68,24.84,0.517,35.21,7.25,0
Malaysia,MYS,East Asia & Pacific,Upper middle income,2021,11.3,11.13,11.73,0.288,15.19,5.36,0
Malaysia,MYS,East Asia & Pacific,Upper middle income,2022,7.89,7.92,6.77,0.201,11.41,2.74,0
Malaysia,MYS,East Asia & Pacific,Upper middle income,2023,2.63,2.24,2.44,0.067,4.26,0.92,0
Malaysia,MYS,East Asia & Pacific,Upper middle income,2024,2.47,2.54,2.46,0.063,4.83,1.95,0
Malaysia,MYS,East Asia & Pacific,Upper middle income,2025,3.35,2.92,3.56,0.085,7.61,1.32,0
Egypt,EGY,Middle East & North Africa,Lower middle income,2010,15.93,15.42,18.48,1.784,27.75,7.49,0
Egypt,EGY,Middle East & North Africa,Lower middle income,2011,15.34,13.57,13.52,1.718,34.57,9.78,0
Egypt,EGY,Middle East & North Africa,Lower middle income,2012,12.48,10.1,11.01,1.397,28.91,9.74,0
Egypt,EGY,Middle East & North Africa,Lower middle income,2013,11.61,9.38,11.99,1.3,28.67,7.61,0
Egypt,EGY,Middle East & North Africa,Lower middle income,2014,15.03,14.06,15.86,1.683,29.06,4.77,0
Egypt,EGY,Middle East & North Africa,Lower middle income,2015,15.15,12.83,14.61,1.697,28.71,7.53,0
Egypt,EGY,Middle East & North Africa,Lower middle income,2016,14.4,13.17,12.87,1.612,32.96,11.43,0
Egypt,EGY,Middle East & North Africa,Lower middle income,2017,15.77,16.74,17.83,1.766,37.47,6.19,0
Egypt,EGY,Middle East & North Africa,Lower middle income,2018,13.29,12.45,12.69,1.489,20.66,10.16,0
Egypt,EGY,Middle East & North Africa,Lower middle income,2019,16.31,15.97,15.95,1.827,22.53,12.89,0
Egypt,EGY,Middle East & North Africa,Lower middle income,2020,16.35,14.39,15.06,1.832,34.18,11.13,0
Egypt,EGY,Middle East & North Africa,Lower middle income,2021,25.43,26.62,30.11,2.848,56.15,12.65,0
Egypt,EGY,Middle East & North Africa,Lower middle income,2022,16.18,17.12,20.19,1.812,36.53,7.1,0
Egypt,EGY,Middle East & North Africa,Lower middle income,2023,11.41,10.58,9.78,1.278,20.36,6.8,0
Egypt,EGY,Middle East & North Africa,Lower middle income,2024,12.42,11.86,14.78,1.391,22.88,4.56,0
Egypt,EGY,Middle East & North Africa,Lower middle income,2025,12.22,10.3,13.42,1.368,27.22,8.89,0
Iraq,IRQ,Middle East & North Africa,Upper middle income,2010,2.34,2.52,2.18,0.135,4.58,1.35,1
Iraq,IRQ,Middle East & North Africa,Upper middle income,2011,2.86,2.32,3.43,0.164,4.68,1.49,1
Iraq,IRQ,Middle East & North Africa,Upper middle income,2012,3.78,4.08,3.6,0.218,5.44,2.95,1
Iraq,IRQ,Middle East & North Africa,Upper middle income,2013,0.1,0.11,0.11,0.006,0.2,0.1,1
Iraq,IRQ,Middle East & North Africa,Upper middle income,2014,1.33,1.28,1.29,0.077,3.05,0.53,1
Iraq,IRQ,Middle East & North Africa,Upper middle income,2015,0.1,0.1,0.11,0.006,0.17,0.1,1
Iraq,IRQ,Middle East & North Africa,Upper middle income,2016,1.36,1.34,1.41,0.078,1.87,0.99,1
Iraq,IRQ,Middle East & North Africa,Upper middle income,2017,0.1,0.11,0.1,0.006,0.25,0.1,1
Iraq,IRQ,Middle East & North Africa,Upper middle income,2018,0.1,0.1,0.1,0.006,0.2,0.1,1
Iraq,IRQ,Middle East & North Africa,Upper middle income,2019,2.82,2.63,2.7,0.162,6.15,0.87,1
Iraq,IRQ,Middle East & North Africa,Upper middle income,2020,9.99,8.82,12.36,0.574,17.26,7.84,1
Iraq,IRQ,Middle East & North Africa,Upper middle income,2021,7.17,7.24,7.59,0.412,17.69,5.59,1
Iraq,IRQ,Middle East & North Africa,Upper middle income,2022,2.71,2.19,2.84,0.156,6.1,0.85,1
Iraq,IRQ,Middle East & North Africa,Upper middle income,2023,0.35,0.37,0.38,0.02,0.5,0.21,1
Iraq,IRQ,Middle East & North Africa,Upper middle income,2024,0.1,0.11,0.1,0.006,0.19,0.1,1
Iraq,IRQ,Middle East & North Africa,Upper middle income,2025,0.1,0.1,0.11,0.006,0.15,0.1,1
Yemen,YEM,Middle East & North Africa,Low income,2010,25.9,27.4,28.22,1.127,60.84,8.62,1
Yemen,YEM,Middle East & North Africa,Low income,2011,25.13,24.03,24.94,1.093,38.2,9.35,1
Yemen,YEM,Middle East & North Africa,Low income,2012,25.1,23.07,25.17,1.092,45.9,7.65,1
Yemen,YEM,Middle East & North Africa,Low income,2013,22.34,21.92,24.82,0.972,46.54,16.8,1
Yemen,YEM,Middle East & North Africa,Low income,2014,24.14,24.17,29.84,1.05,52.68,12.19,1
Yemen,YEM,Middle East & North Africa,Low income,2015,25.05,20.4,27.53,1.09,47.15,14.99,1
Yemen,YEM,Middle East & North Africa,Low income,2016,26.46,24.87,25.64,1.151,35.21,16.11,1
Yemen,YEM,Middle East & North Africa,Low income,2017,21.54,21.59,26.82,0.937,42.58,11.79,1
Yemen,YEM,Middle East & North Africa,Low income,2018,21.11,20.98,25.25,0.918,31.66,13.69,1
Yemen,YEM,Middle East & North Africa,Low income,2019,26.22,22.05,29.68,1.141,50.37,11.3,1
Yemen,YEM,Middle East & North Africa,Low income,2020,36.08,38.53,32.21,1.57,52.7,25.24,1
Yemen,YEM,Middle East & North Africa,Low income,2021,32.74,34.43,33.53,1.424,71.77,25.93,1
Yemen,YEM,Middle East & North Africa,Low income,2022,22.87,21.26,24.88,0.995,30.31,11.56,1
Yemen,YEM,Middle East & North Africa,Low income,2023,19.81,16.02,18.34,0.862,47.16,7.7,1
Yemen,YEM,Middle East & North Africa,Low income,2024,19.94,16.7,21.63,0.867,27.34,15.65,1
Yemen,YEM,Middle East & North Africa,Low income,2025,19.46,19.4,21.9,0.847,29.92,6.09,1
Morocco,MAR,Middle East & North Africa,Lower middle income,2010,7.96,6.38,9.21,0.239,18.28,5.41,0
Morocco,MAR,Middle East & North Africa,Lower middle income,2011,5.59,5.91,5.64,0.168,11.71,3.71,0
Morocco,MAR,Middle East & North Africa,Lower middle income,2012,4.45,4.1,5.13,0.134,9.85,2.39,0
Morocco,MAR,Middle East & North Africa,Lower middle income,2013,6.03,5.28,5.32,0.181,14.0,3.64,0
Morocco,MAR,Middle East & North Africa,Lower middle income,2014,6.35,5.49,6.47,0.19,9.39,2.33,0
Morocco,MAR,Middle East & North Africa,Lower middle income,2015,4.19,3.88,5.2,0.126,8.43,2.88,0
Morocco,MAR,Middle East & North Africa,Lower middle income,2016,4.46,3.77,5.08,0.134,10.65,3.28,0
Morocco,MAR,Middle East & North Africa,Lower middle income,2017,5.49,4.81,6.53,0.165,12.45,2.08,0
Morocco,MAR,Middle East & North Africa,Lower middle income,2018,3.41,3.08,4.09,0.102,4.97,1.94,0
Morocco,MAR,Middle East & North Africa,Lower middle income,2019,4.11,3.4,3.6,0.123,5.42,1.63,0
Morocco,MAR,Middle East & North Africa,Lower middle income,2020,6.1,6.13,7.46,0.183,11.76,4.44,0
Morocco,MAR,Middle East & North Africa,Lower middle income,2021,10.92,9.4,9.85,0.328,15.97,4.54,0
Morocco,MAR,Middle East & North Africa,Lower middle income,2022,7.73,6.38,8.31,0.232,14.72,4.71,0
Morocco,MAR,Middle East & North Africa,Lower middle income,2023,5.04,4.41,5.94,0.151,8.18,3.54,0
Morocco,MAR,Middle East & North Africa,Lower middle income,2024,0.1,0.1,0.11,0.003,0.15,0.1,0
Morocco,MAR,Middle East & North Africa,Lower middle income,2025,1.69,1.41,1.64,0.051,3.93,1.33,0
Syria,SYR,Middle East & North Africa,Low income,2010,20.8,20.42,21.53,0.499,34.72,8.98,1
Syria,SYR,Middle East & North Africa,Low income,2011,20.64,16.8,23.65,0.495,34.48,6.38,1
Syria,SYR,Middle East & North Africa,Low income,2012,16.22,15.65,14.0,0.389,39.74,9.43,1
Syria,SYR,Middle East & North Africa,Low income,2013,18.04,19.15,18.53,0.433,37.77,6.39,1
Syria,SYR,Middle East & North Africa,Low income,2014,20.16,22.13,17.81,0.484,27.85,8.51,1
Syria,SYR,Middle East & North Africa,Low income,2015,20.33,16.77,22.77,0.488,37.96,13.57,1
Syria,SYR,Middle East & North Africa,Low income,2016,20.44,18.66,24.6,0.491,40.91,6.59,1
Syria,SYR,Middle East & North Africa,Low income,2017,20.19,20.51,20.77,0.484,29.66,13.34,1
Syria,SYR,Middle East & North Africa,Low income,2018,21.95,23.21,25.98,0.527,42.54,8.4,1
Syria,SYR,Middle East & North Africa,Low income,2019,18.72,19.1,16.17,0.449,24.69,9.83,1
Syria,SYR,Middle East & North Africa,Low income,2020,33.51,27.81,34.98,0.804,46.03,13.17,1
Syria,SYR,Middle East & North Africa,Low income,2021,28.65,27.33,31.06,0.688,70.08,10.52,1
Syria,SYR,Middle East & North Africa,Low income,2022,24.87,22.85,22.02,0.597,54.3,10.4,1
Syria,SYR,Middle East & North Africa,Low income,2023,14.08,11.62,17.53,0.338,34.33,9.15,1
Syria,SYR,Middle East & North Africa,Low income,2024,17.46,14.05,19.91,0.419,35.5,12.22,1
Syria,SYR,Middle East & North Africa,Low income,2025,17.82,14.84,18.08,0.428,40.17,10.61,1
Tunisia,TUN,Middle East & North Africa,Lower middle income,2010,12.18,11.34,11.37,0.11,30.0,6.68,0
Tunisia,TUN,Middle East & North Africa,Lower middle income,2011,16.31,17.48,18.1,0.147,27.55,12.51,0
Tunisia,TUN,Middle East & North Africa,Lower middle income,2012,13.7,14.82,11.68,0.123,31.03,8.68,0
Tunisia,TUN,Middle East & North Africa,Lower middle income,2013,15.13,13.33,14.36,0.136,25.09,10.57,0
Tunisia,TUN,Middle East & North Africa,Lower middle income,2014,16.74,17.13,16.02,0.151,41.21,7.08,0
Tunisia,TUN,Middle East & North Africa,Lower middle income,2015,13.92,13.78,15.58,0.125,30.99,4.53,0
Tunisia,TUN,Middle East & North Africa,Lower middle income,2016,13.37,11.58,11.86,0.12,19.65,4.4,0
Tunisia,TUN,Middle East & North Africa,Lower middle income,2017,12.74,13.92,15.87,0.115,17.16,8.99,0
Tunisia,TUN,Middle East & North Africa,Lower middle income,2018,13.09,10.58,11.77,0.118,21.25,5.05,0
Tunisia,TUN,Middle East & North Africa,Lower middle income,2019,16.93,13.67,16.26,0.152,29.53,8.16,0
Tunisia,TUN,Middle East & North Africa,Lower middle income,2020,27.38,22.93,26.18,0.246,62.82,10.93,0
Tunisia,TUN,Middle East & North Africa,Lower middle income,2021,21.6,19.95,26.17,0.194,47.57,14.62,0
Tunisia,TUN,Middle East & North Africa,Lower middle income,2022,17.24,14.42,18.03,0.155,36.26,8.57,0
Tunisia,TUN,Middle East & North Africa,Lower middle income,2023,12.3,10.29,13.64,0.111,28.66,8.61,0
Tunisia,TUN,Middle East & North Africa,Lower middle income,2024,13.11,10.96,13.86,0.118,26.34,8.99,0
Tunisia,TUN,Middle East & North Africa,Lower middle income,2025,14.27,13.79,15.66,0.128,19.91,8.61,0
Jordan,JOR,Middle East & North Africa,Upper middle income,2010,3.15,2.62,2.74,0.035,6.14,1.22,0
Jordan,JOR,Middle East & North Africa,Upper middle income,2011,4.39,3.6,4.33,0.048,10.93,3.02,0
Jordan,JOR,Middle East & North Africa,Upper middle income,2012,1.96,1.62,1.88,0.022,2.56,1.23,0
Jordan,JOR,Middle East & North Africa,Upper middle income,2013,2.7,2.91,2.89,0.03,4.54,2.11,0
Jordan,JOR,Middle East & North Africa,Upper middle income,2014,4.51,4.23,4.08,0.05,7.89,3.56,0
Jordan,JOR,Middle East & North Africa,Upper middle income,2015,1.91,1.95,2.03,0.021,4.61,1.09,0
Jordan,JOR,Middle East & North Africa,Upper middle income,2016,2.81,2.4,2.55,0.031,6.44,1.29,0
Jordan,JOR,Middle East & North Africa,Upper middle income,2017,6.6,6.08,6.44,0.073,13.45,2.39,0
Jordan,JOR,Middle East & North Africa,Upper middle income,2018,4.44,4.18,5.52,0.049,9.36,1.83,0
Jordan,JOR,Middle East & North Africa,Upper middle income,2019,4.54,4.28,5.23,0.05,10.96,1.7,0
Jordan,JOR,Middle East & North Africa,Upper middle income,2020,11.87,11.92,14.45,0.131,21.99,7.92,0
Jordan,JOR,Middle East & North Africa,Upper middle income,2021,12.21,12.29,15.1,0.134,20.27,9.32,0
Jordan,JOR,Middle East & North Africa,Upper middle income,2022,7.71,6.85,8.54,0.085,11.8,4.82,0
Jordan,JOR,Middle East & North Africa,Upper middle income,2023,0.1,0.1,0.12,0.001,0.23,0.1,0
Jordan,JOR,Middle East & North Africa,Upper middle income,2024,0.12,0.12,0.14,0.001,0.19,0.1,0
Jordan,JOR,Middle East & North Africa,Upper middle income,2025,0.1,0.1,0.11,0.001,0.23,0.1,0
Libya,LBY,Middle East & North Africa,Upper middle income,2010,2.34,2.01,2.23,0.015,4.28,1.03,1
Libya,LBY,Middle East & North Africa,Upper middle income,2011,0.87,0.79,0.84,0.006,2.15,0.39,1
Libya,LBY,Middle East & North Africa,Upper middle income,2012,2.86,2.62,2.56,0.019,4.37,1.35,1
Libya,LBY,Middle East & North Africa,Upper middle income,2013,2.51,2.08,3.11,0.016,5.46,1.27,1
Libya,LBY,Middle East & North Africa,Upper middle income,2014,2.64,2.59,3.11,0.017,4.88,1.81,1
Libya,LBY,Middle East & North Africa,Upper middle income,2015,1.07,1.17,0.94,0.007,1.98,0.54,1
Libya,LBY,Middle East & North Africa,Upper middle income,2016,1.34,1.34,1.66,0.009,3.0,0.85,1
Libya,LBY,Middle East & North Africa,Upper middle income,2017,0.96,0.85,0.88,0.006,1.55,0.46,1
Libya,LBY,Middle East & North Africa,Upper middle income,2018,1.23,1.26,1.42,0.008,2.67,0.38,1
Libya,LBY,Middle East & North Africa,Upper middle income,2019,0.1,0.1,0.12,0.001,0.14,0.1,1
Libya,LBY,Middle East & North Africa,Upper middle income,2020,10.26,10.19,9.9,0.067,17.6,3.92,1
Libya,LBY,Middle East & North Africa,Upper middle income,2021,8.09,8.13,9.96,0.053,14.44,2.98,1
Libya,LBY,Middle East & North Africa,Upper middle income,2022,2.2,2.08,2.1,0.014,3.71,1.71,1
Libya,LBY,Middle East & North Africa,Upper middle income,2023,0.1,0.1,0.1,0.001,0.14,0.1,1
Libya,LBY,Middle East & North Africa,Upper middle income,2024,3.33,2.85,3.29,0.022,7.55,2.41,1
Libya,LBY,Middle East & North Africa,Upper middle income,2025,0.1,0.1,0.1,0.001,0.23,0.1,1
Brazil,BRA,Latin America & Caribbean,Upper middle income,2010,0.1,0.1,0.12,0.014,0.25,0.1,0
Brazil,BRA,Latin America & Caribbean,Upper middle income,2011,0.1,0.1,0.1,0.014,0.13,0.1,0
Brazil,BRA,Latin America & Caribbean,Upper middle income,2012,0.1,0.1,0.1,0.014,0.15,0.1,0
Brazil,BRA,Latin America & Caribbean,Upper middle income,2013,0.24,0.21,0.24,0.035,0.42,0.14,0
Brazil,BRA,Latin America & Caribbean,Upper middle income,2014,0.47,0.39,0.55,0.067,0.79,0.32,0
Brazil,BRA,Latin America & Caribbean,Upper middle income,2015,0.1,0.11,0.1,0.014,0.23,0.1,0
Brazil,BRA,Latin America & Caribbean,Upper middle income,2016,0.1,0.1,0.12,0.014,0.13,0.1,0
Brazil,BRA,Latin America & Caribbean,Upper middle income,2017,0.1,0.1,0.12,0.014,0.23,0.1,0
Brazil,BRA,Latin America & Caribbean,Upper middle income,2018,0.1,0.11,0.12,0.014,0.2,0.1,0
Brazil,BRA,Latin America & Caribbean,Upper middle income,2019,0.1,0.1,0.1,0.014,0.17,0.1,0
Brazil,BRA,Latin America & Caribbean,Upper middle income,2020,7.56,7.46,6.47,1.078,12.06,3.98,0
Brazil,BRA,Latin America & Caribbean,Upper middle income,2021,9.0,9.48,10.34,1.283,14.02,4.87,0
Brazil,BRA,Latin America & Caribbean,Upper middle income,2022,0.11,0.12,0.11,0.016,0.17,0.1,0
Brazil,BRA,Latin America & Caribbean,Upper middle income,2023,0.1,0.1,0.12,0.014,0.14,0.1,0
Brazil,BRA,Latin America & Caribbean,Upper middle income,2024,0.1,0.1,0.1,0.014,0.24,0.1,0
Brazil,BRA,Latin America & Caribbean,Upper middle income,2025,0.1,0.11,0.11,0.014,0.19,0.1,0
Mexico,MEX,Latin America & Caribbean,Upper middle income,2010,11.3,11.72,11.9,1.197,17.05,7.74,0
Mexico,MEX,Latin America & Caribbean,Upper middle income,2011,7.79,6.34,7.25,0.825,16.93,2.52,0
Mexico,MEX,Latin America & Caribbean,Upper middle income,2012,7.82,7.25,7.36,0.829,15.63,3.5,0
Mexico,MEX,Latin America & Caribbean,Upper middle income,2013,7.6,6.12,9.13,0.806,14.51,3.61,0
Mexico,MEX,Latin America & Caribbean,Upper middle income,2014,10.4,8.73,9.8,1.103,24.31,3.37,0
Mexico,MEX,Latin America & Caribbean,Upper middle income,2015,4.35,4.46,4.27,0.462,9.69,2.79,0
Mexico,MEX,Latin America & Caribbean,Upper middle income,2016,6.74,6.92,8.21,0.715,10.15,2.25,0
Mexico,MEX,Latin America & Caribbean,Upper middle income,2017,8.31,8.85,7.58,0.881,15.82,5.18,0
Mexico,MEX,Latin America & Caribbean,Upper middle income,2018,7.77,8.09,8.76,0.823,12.65,4.95,0
Mexico,MEX,Latin America & Caribbean,Upper middle income,2019,5.45,5.91,6.03,0.578,13.15,1.97,0
Mexico,MEX,Latin America & Caribbean,Upper middle income,2020,11.5,9.29,10.41,1.219,19.54,4.31,0
Mexico,MEX,Latin America & Caribbean,Upper middle income,2021,18.66,18.0,19.68,1.978,45.82,8.32,0
Mexico,MEX,Latin America & Caribbean,Upper middle income,2022,5.78,5.06,5.47,0.613,9.73,4.14,0
Mexico,MEX,Latin America & Caribbean,Upper middle income,2023,6.82,7.4,6.51,0.723,16.46,4.64,0
Mexico,MEX,Latin America & Caribbean,Upper middle income,2024,6.49,6.97,7.78,0.687,12.74,4.62,0
Mexico,MEX,Latin America & Caribbean,Upper middle income,2025,4.65,3.8,5.28,0.493,8.35,1.69,0
Colombia,COL,Latin America & Caribbean,Upper middle income,2010,0.1,0.1,0.11,0.004,0.14,0.1,0
Colombia,COL,Latin America & Caribbean,Upper middle income,2011,2.52,2.6,2.58,0.093,4.71,1.18,0
Colombia,COL,Latin America & Caribbean,Upper middle income,2012,2.09,2.22,1.95,0.077,2.96,1.21,0
Colombia,COL,Latin America & Caribbean,Upper middle income,2013,3.35,2.69,3.26,0.124,8.36,1.34,0
Colombia,COL,Latin America & Caribbean,Upper middle income,2014,0.1,0.1,0.1,0.004,0.18,0.1,0
Colombia,COL,Latin America & Caribbean,Upper middle income,2015,0.1,0.1,0.1,0.004,0.13,0.1,0
Colombia,COL,Latin America & Caribbean,Upper middle income,2016,0.1,0.1,0.1,0.004,0.2,0.1,0
Colombia,COL,Latin America & Caribbean,Upper middle income,2017,0.1,0.1,0.1,0.004,0.2,0.1,0
Colombia,COL,Latin America & Caribbean,Upper middle income,2018,0.1,0.1,0.12,0.004,0.24,0.1,0
Colombia,COL,Latin America & Caribbean,Upper middle income,2019,0.1,0.1,0.1,0.004,0.15,0.1,0
Colombia,COL,Latin America & Caribbean,Upper middle income,2020,7.06,6.89,7.18,0.261,10.75,4.76,0
Colombia,COL,Latin America & Caribbean,Upper middle income,2021,12.84,13.89,14.39,0.475,20.64,5.14,0
Colombia,COL,Latin America & Caribbean,Upper middle income,2022,0.1,0.1,0.1,0.004,0.21,0.1,0
Colombia,COL,Latin America & Caribbean,Upper middle income,2023,0.1,0.1,0.1,0.004,0.18,0.1,0
Colombia,COL,Latin America & Caribbean,Upper middle income,2024,0.1,0.1,0.11,0.004,0.16,0.1,0
Colombia,COL,Latin America & Caribbean,Upper middle income,2025,0.1,0.11,0.1,0.004,0.17,0.1,0
Guatemala,GTM,Latin America & Caribbean,Upper middle income,2010,6.81,6.83,6.61,0.129,9.57,3.01,0
Guatemala,GTM,Latin America & Caribbean,Upper middle income,2011,9.86,9.46,12.27,0.187,16.91,6.87,0
Guatemala,GTM,Latin America & Caribbean,Upper middle income,2012,6.89,6.94,8.3,0.131,10.85,2.68,0
Guatemala,GTM,Latin America & Caribbean,Upper middle income,2013,6.49,6.85,6.47,0.123,12.91,3.83,0
Guatemala,GTM,Latin America & Caribbean,Upper middle income,2014,7.36,7.52,7.83,0.14,13.6,5.2,0
Guatemala,GTM,Latin America & Caribbean,Upper middle income,2015,5.53,5.5,4.82,0.105,11.68,2.79,0
Guatemala,GTM,Latin America & Caribbean,Upper middle income,2016,8.93,9.42,8.18,0.17,20.7,5.26,0
Guatemala,GTM,Latin America & Caribbean,Upper middle income,2017,7.97,6.72,8.45,0.151,14.56,4.97,0
Guatemala,GTM,Latin America & Caribbean,Upper middle income,2018,4.79,4.23,5.87,0.091,9.82,3.33,0
Guatemala,GTM,Latin America & Caribbean,Upper middle income,2019,7.3,7.5,8.83,0.139,9.8,3.01,0
Guatemala,GTM,Latin America & Caribbean,Upper middle income,2020,15.18,12.25,13.44,0.289,32.16,10.22,0
Guatemala,GTM,Latin America & Caribbean,Upper middle income,2021,15.53,14.33,16.67,0.295,20.37,5.33,0
Guatemala,GTM,Latin America & Caribbean,Upper middle income,2022,5.03,5.16,4.36,0.096,8.87,1.63,0
Guatemala,GTM,Latin America & Caribbean,Upper middle income,2023,5.23,4.94,5.27,0.099,8.52,1.75,0
Guatemala,GTM,Latin America & Caribbean,Upper middle income,2024,6.51,6.27,7.57,0.124,15.08,3.43,0
Guatemala,GTM,Latin America & Caribbean,Upper middle income,2025,5.32,4.68,5.46,0.101,11.06,2.42,0
Haiti,HTI,Latin America & Caribbean,Low income,2010,25.22,23.09,31.38,0.303,49.56,15.14,0
Haiti,HTI,Latin America & Caribbean,Low income,2011,23.38,24.12,22.56,0.281,53.1,17.56,0
Haiti,HTI,Latin America & Caribbean,Low income,2012,23.44,20.18,29.19,0.281,50.27,13.43,0
Haiti,HTI,Latin America & Caribbean,Low income,2013,24.76,26.16,26.84,0.297,39.36,11.88,0
Haiti,HTI,Latin America & Caribbean,Low income,2014,22.85,22.99,24.57,0.274,35.11,7.63,0
Haiti,HTI,Latin America & Caribbean,Low income,2015,24.05,24.89,26.74,0.289,50.83,15.26,0
Haiti,HTI,Latin America & Caribbean,Low income,2016,21.76,18.49,22.38,0.261,32.42,9.74,0
Haiti,HTI,Latin America & Caribbean,Low income,2017,22.41,22.11,24.77,0.269,48.34,10.18,0
Haiti,HTI,Latin America & Caribbean,Low income,2018,22.08,21.49,26.26,0.265,51.52,16.82,0
Haiti,HTI,Latin America & Caribbean,Low income,2019,23.33,24.36,20.94,0.28,50.75,15.61,0
Haiti,HTI,Latin America & Caribbean,Low income,2020,34.89,37.23,41.12,0.419,75.0,18.32,0
Haiti,HTI,Latin America & Caribbean,Low income,2021,33.41,34.96,38.76,0.401,52.88,15.56,0
Haiti,HTI,Latin America & Caribbean,Low income,2022,25.47,26.46,31.05,0.306,51.34,15.98,0
Haiti,HTI,Latin America & Caribbean,Low income,2023,18.09,16.3,17.87,0.217,40.24,6.48,0
Haiti,HTI,Latin America & Caribbean,Low income,2024,17.02,13.79,18.58,0.204,32.88,6.51,0
Haiti,HTI,Latin America & Caribbean,Low income,2025,23.74,20.81,23.3,0.285,57.96,12.16,0
Honduras,HND,Latin America & Caribbean,Lower middle income,2010,4.34,4.35,4.26,0.041,6.17,2.07,0
Honduras,HND,Latin America & Caribbean,Lower middle income,2011,9.11,9.71,9.44,0.087,13.59,5.14,0
Honduras,HND,Latin America & Caribbean,Lower middle income,2012,7.99,8.3,7.85,0.076,13.1,4.68,0
Honduras,HND,Latin America & Caribbean,Lower middle income,2013,5.76,5.22,5.37,0.055,11.22,3.36,0
Honduras,HND,Latin America & Caribbean,Lower middle income,2014,7.11,6.13,6.44,0.068,12.01,4.68,0
Honduras,HND,Latin America & Caribbean,Lower middle income,2015,8.4,7.89,7.58,0.08,11.89,4.69,0
Honduras,HND,Latin America & Caribbean,Lower middle income,2016,4.17,3.77,3.94,0.04,9.2,1.68,0
Honduras,HND,Latin America & Caribbean,Lower middle income,2017,6.26,6.44,7.58,0.059,12.88,3.44,0
Honduras,HND,Latin America & Caribbean,Lower middle income,2018,5.46,5.75,6.12,0.052,11.2,4.25,0
Honduras,HND,Latin America & Caribbean,Lower middle income,2019,2.67,2.45,3.22,0.025,4.6,2.06,0
Honduras,HND,Latin America & Caribbean,Lower middle income,2020,14.75,12.93,13.78,0.14,30.82,8.73,0
Honduras,HND,Latin America & Caribbean,Lower middle income,2021,10.99,9.18,12.81,0.104,19.17,4.87,0
Honduras,HND,Latin America & Caribbean,Lower middle income,2022,7.62,7.29,6.85,0.072,18.08,2.53,0
Honduras,HND,Latin America & Caribbean,Lower middle income,2023,4.53,4.89,4.36,0.043,8.53,2.49,0
Honduras,HND,Latin America & Caribbean,Lower middle income,2024,2.81,2.48,2.69,0.027,5.71,1.18,0
Honduras,HND,Latin America & Caribbean,Lower middle income,2025,7.21,7.72,8.96,0.069,15.04,4.21,0
Peru,PER,Latin America & Caribbean,Upper middle income,2010,7.36,7.81,7.53,0.191,13.9,2.54,0
Peru,PER,Latin America & Caribbean,Upper middle income,2011,8.26,8.58,9.69,0.215,20.01,5.0,0
Peru,PER,Latin America & Caribbean,Upper middle income,2012,6.43,5.35,7.87,0.167,10.2,4.13,0
Peru,PER,Latin America & Caribbean,Upper middle income,2013,5.45,5.99,5.42,0.142,9.38,2.95,0
Peru,PER,Latin America & Caribbean,Upper middle income,2014,6.4,5.22,7.34,0.166,11.72,4.59,0
Peru,PER,Latin America & Caribbean,Upper middle income,2015,6.57,5.78,6.78,0.171,15.94,2.09,0
Peru,PER,Latin America & Caribbean,Upper middle income,2016,4.73,3.81,5.53,0.123,7.37,1.85,0
Peru,PER,Latin America & Caribbean,Upper middle income,2017,5.07,4.24,5.5,0.132,11.66,2.71,0
Peru,PER,Latin America & Caribbean,Upper middle income,2018,4.37,3.75,5.05,0.114,6.85,2.66,0
Peru,PER,Latin America & Caribbean,Upper middle income,2019,7.42,6.56,9.1,0.193,14.4,2.76,0
Peru,PER,Latin America & Caribbean,Upper middle income,2020,19.04,20.08,21.81,0.495,39.29,8.68,0
Peru,PER,Latin America & Caribbean,Upper middle income,2021,16.1,15.43,17.67,0.418,30.39,8.48,0
Peru,PER,Latin America & Caribbean,Upper middle income,2022,11.7,12.7,12.71,0.304,21.85,8.75,0
Peru,PER,Latin America & Caribbean,Upper middle income,2023,3.43,3.26,3.87,0.089,5.6,2.1,0
Peru,PER,Latin America & Caribbean,Upper middle income,2024,2.17,2.26,2.69,0.057,3.11,1.11,0
Peru,PER,Latin America & Caribbean,Upper middle income,2025,6.25,5.47,7.66,0.163,8.6,4.34,0
Bolivia,BOL,Latin America & Caribbean,Lower middle income,2010,9.56,8.98,11.9,0.1,18.6,4.77,0
Bolivia,BOL,Latin America & Caribbean,Lower middle income,2011,10.83,9.98,10.0,0.114,21.03,6.56,0
Bolivia,BOL,Latin America & Caribbean,Lower middle income,2012,7.43,7.11,7.45,0.078,10.98,4.44,0
Bolivia,BOL,Latin America & Caribbean,Lower middle income,2013,8.23,7.44,8.12,0.086,14.6,3.28,0
Bolivia,BOL,Latin America & Caribbean,Lower middle income,2014,10.78,9.39,11.43,0.113,20.12,8.16,0
Bolivia,BOL,Latin America & Caribbean,Lower middle income,2015,7.37,6.28,6.58,0.077,14.01,2.51,0
Bolivia,BOL,Latin America & Caribbean,Lower middle income,2016,12.18,13.19,12.09,0.128,21.63,4.81,0
Bolivia,BOL,Latin America & Caribbean,Lower middle income,2017,8.8,8.31,9.36,0.092,21.34,4.67,0
Bolivia,BOL,Latin America & Caribbean,Lower middle income,2018,9.56,8.22,11.23,0.1,21.03,7.53,0
Bolivia,BOL,Latin America & Caribbean,Lower middle income,2019,7.31,7.92,9.01,0.077,9.86,4.67,0
Bolivia,BOL,Latin America & Caribbean,Lower middle income,2020,19.92,19.7,23.48,0.209,39.03,6.02,0
Bolivia,BOL,Latin America & Caribbean,Lower middle income,2021,20.81,21.51,23.79,0.218,30.11,16.11,0
Bolivia,BOL,Latin America & Caribbean,Lower middle income,2022,9.88,7.92,10.91,0.104,13.82,5.9,0
Bolivia,BOL,Latin America & Caribbean,Lower middle income,2023,5.73,5.44,6.85,0.06,8.8,4.57,0
Bolivia,BOL,Latin America & Caribbean,Lower middle income,2024,6.78,6.89,6.46,0.071,14.28,3.6,0
Bolivia,BOL,Latin America & Caribbean,Lower middle income,2025,6.9,7.45,6.63,0.072,10.3,2.51,0
Argentina,ARG,Latin America & Caribbean,Upper middle income,2010,2.78,2.33,3.05,0.094,5.8,0.93,0
Argentina,ARG,Latin America & Caribbean,Upper middle income,2011,1.6,1.42,1.65,0.054,2.63,1.2,0
Argentina,ARG,Latin America & Caribbean,Upper middle income,2012,0.1,0.1,0.11,0.003,0.2,0.1,0
Argentina,ARG,Latin America & Caribbean,Upper middle income,2013,1.28,1.28,1.42,0.043,2.55,0.98,0
Argentina,ARG,Latin America & Caribbean,Upper middle income,2014,0.65,0.66,0.66,0.022,1.61,0.34,0
Argentina,ARG,Latin America & Caribbean,Upper middle income,2015,0.67,0.55,0.75,0.023,1.59,0.44,0
Argentina,ARG,Latin America & Caribbean,Upper middle income,2016,1.17,1.15,1.14,0.04,2.49,0.48,0
Argentina,ARG,Latin America & Caribbean,Upper middle income,2017,0.1,0.1,0.11,0.003,0.13,0.1,0
Argentina,ARG,Latin America & Caribbean,Upper middle income,2018,0.75,0.71,0.91,0.026,1.35,0.55,0
Argentina,ARG,Latin America & Caribbean,Upper middle income,2019,0.1,0.1,0.12,0.003,0.21,0.1,0
Argentina,ARG,Latin America & Caribbean,Upper middle income,2020,7.78,6.67,7.96,0.265,18.35,4.33,0
Argentina,ARG,Latin America & Caribbean,Upper middle income,2021,10.07,8.09,10.09,0.342,25.12,4.39,0
Argentina,ARG,Latin America & Caribbean,Upper middle income,2022,4.21,4.08,5.04,0.143,8.92,1.83,0
Argentina,ARG,Latin America & Caribbean,Upper middle income,2023,0.44,0.41,0.47,0.015,0.96,0.28,0
Argentina,ARG,Latin America & Caribbean,Upper middle income,2024,0.1,0.1,0.1,0.003,0.24,0.1,0
Argentina,ARG,Latin America & Caribbean,Upper middle income,2025,0.1,0.1,0.11,0.003,0.13,0.1,0
Turkey,TUR,Europe & Central Asia,Upper middle income,2010,4.72,4.98,5.37,0.307,7.49,3.51,0
Turkey,TUR,Europe & Central Asia,Upper middle income,2011,5.24,5.37,5.7,0.341,9.15,3.42,0
Turkey,TUR,Europe & Central Asia,Upper middle income,2012,5.85,5.92,5.96,0.38,8.51,3.58,0
Turkey,TUR,Europe & Central Asia,Upper middle income,2013,0.87,0.9,0.88,0.056,1.49,0.51,0
Turkey,TUR,Europe & Central Asia,Upper middle income,2014,4.25,3.95,4.12,0.276,9.71,1.63,0
Turkey,TUR,Europe & Central Asia,Upper middle income,2015,0.1,0.1,0.1,0.007,0.22,0.1,0
Turkey,TUR,Europe & Central Asia,Upper middle income,2016,6.63,6.73,6.7,0.431,12.72,2.49,0
Turkey,TUR,Europe & Central Asia,Upper middle income,2017,4.39,4.82,3.86,0.286,10.93,2.73,0
Turkey,TUR,Europe & Central Asia,Upper middle income,2018,5.06,5.02,5.54,0.329,10.25,2.18,0
Turkey,TUR,Europe & Central Asia,Upper middle income,2019,1.94,1.64,1.98,0.126,3.06,0.65,0
Turkey,TUR,Europe & Central Asia,Upper middle income,2020,7.28,7.62,8.43,0.473,10.19,3.14,0
Turkey,TUR,Europe & Central Asia,Upper middle income,2021,12.33,11.41,14.17,0.801,27.61,8.1,0
Turkey,TUR,Europe & Central Asia,Upper middle income,2022,6.2,4.97,5.28,0.403,14.62,4.53,0
Turkey,TUR,Europe & Central Asia,Upper middle income,2023,0.1,0.1,0.1,0.007,0.2,0.1,0
Turkey,TUR,Europe & Central Asia,Upper middle income,2024,3.85,3.91,4.31,0.25,8.03,3.06,0
Turkey,TUR,Europe & Central Asia,Upper middle income,2025,0.1,0.1,0.11,0.007,0.21,0.1,0
Uzbekistan,UZB,Europe & Central Asia,Lower middle income,2010,9.39,8.27,10.31,0.319,20.43,3.62,0
Uzbekistan,UZB,Europe & Central Asia,Lower middle income,2011,9.64,9.66,9.1,0.328,13.15,6.38,0
Uzbekistan,UZB,Europe & Central Asia,Lower middle income,2012,7.16,6.05,7.27,0.243,13.08,2.2,0
Uzbekistan,UZB,Europe & Central Asia,Lower middle income,2013,7.17,7.83,8.52,0.244,16.19,2.36,0
Uzbekistan,UZB,Europe & Central Asia,Lower middle income,2014,9.14,7.63,10.55,0.311,17.84,6.16,0
Uzbekistan,UZB,Europe & Central Asia,Lower middle income,2015,9.51,9.95,11.8,0.323,15.02,5.79,0
Uzbekistan,UZB,Europe & Central Asia,Lower middle income,2016,9.69,7.94,11.96,0.329,15.47,5.31,0
Uzbekistan,UZB,Europe & Central Asia,Lower middle income,2017,7.89,6.84,8.73,0.268,17.74,5.25,0
Uzbekistan,UZB,Europe & Central Asia,Lower middle income,2018,4.93,4.22,5.43,0.168,10.76,2.99,0
Uzbekistan,UZB,Europe & Central Asia,Lower middle income,2019,8.42,7.16,8.22,0.286,19.8,6.35,0
Uzbekistan,UZB,Europe & Central Asia,Lower middle income,2020,14.31,12.27,15.0,0.486,25.95,11.19,0
Uzbekistan,UZB,Europe & Central Asia,Lower middle income,2021,9.86,10.13,10.96,0.335,22.82,3.15,0
Uzbekistan,UZB,Europe & Central Asia,Lower middle income,2022,8.05,8.5,7.32,0.274,18.76,5.33,0
Uzbekistan,UZB,Europe & Central Asia,Lower middle income,2023,7.53,7.4,7.13,0.256,15.5,3.67,0
Uzbekistan,UZB,Europe & Central Asia,Lower middle income,2024,9.56,9.94,8.9,0.325,16.56,4.59,0
Uzbekistan,UZB,Europe & Central Asia,Lower middle income,2025,9.19,9.12,10.06,0.313,19.87,4.47,0
Tajikistan,TJK,Europe & Central Asia,Lower middle income,2010,11.21,9.18,9.81,0.14,17.75,7.95,0
Tajikistan,TJK,Europe & Central Asia,Lower middle income,2011,11.42,12.26,11.22,0.143,21.06,4.07,0
Tajikistan,TJK,Europe & Central Asia,Lower middle income,2012,9.76,9.03,11.36,0.122,20.67,3.76,0
Tajikistan,TJK,Europe & Central Asia,Lower middle income,2013,14.57,15.38,15.95,0.182,31.84,5.95,0
Tajikistan,TJK,Europe & Central Asia,Lower middle income,2014,15.05,13.52,14.73,0.188,31.45,8.64,0
Tajikistan,TJK,Europe & Central Asia,Lower middle income,2015,11.0,12.1,9.67,0.138,16.36,7.29,0
Tajikistan,TJK,Europe & Central Asia,Lower middle income,2016,12.64,12.89,14.15,0.158,17.94,6.2,0
Tajikistan,TJK,Europe & Central Asia,Lower middle income,2017,13.02,14.06,13.11,0.163,23.62,9.24,0
Tajikistan,TJK,Europe & Central Asia,Lower middle income,2018,13.96,11.95,16.65,0.175,21.53,9.15,0
Tajikistan,TJK,Europe & Central Asia,Lower middle income,2019,9.71,10.02,9.25,0.121,18.88,4.92,0
Tajikistan,TJK,Europe & Central Asia,Lower middle income,2020,13.64,13.94,16.53,0.171,22.3,7.04,0
Tajikistan,TJK,Europe & Central Asia,Lower middle income,2021,18.08,14.72,20.19,0.226,36.82,9.51,0
Tajikistan,TJK,Europe & Central Asia,Lower middle income,2022,15.11,12.42,15.75,0.189,35.41,10.64,0
Tajikistan,TJK,Europe & Central Asia,Lower middle income,2023,14.63,13.68,13.71,0.183,29.13,5.18,0
Tajikistan,TJK,Europe & Central Asia,Lower middle income,2024,11.31,11.04,13.02,0.141,15.2,3.86,0
Tajikistan,TJK,Europe & Central Asia,Lower middle income,2025,9.18,9.36,9.46,0.115,16.55,3.14,0
Kyrgyzstan,KGZ,Europe & Central Asia,Lower middle income,2010,7.95,7.73,9.41,0.06,16.93,4.06,0
Kyrgyzstan,KGZ,Europe & Central Asia,Lower middle income,2011,7.14,6.52,8.18,0.054,17.31,4.82,0
Kyrgyzstan,KGZ,Europe & Central Asia,Lower middle income,2012,5.25,4.46,4.65,0.039,10.72,3.82,0
Kyrgyzstan,KGZ,Europe & Central Asia,Lower middle income,2013,7.82,8.27,7.38,0.059,16.47,5.29,0
Kyrgyzstan,KGZ,Europe & Central Asia,Lower middle income,2014,7.51,7.05,7.42,0.056,12.05,4.81,0
Kyrgyzstan,KGZ,Europe & Central Asia,Lower middle income,2015,10.46,8.47,10.55,0.078,17.39,4.33,0
Kyrgyzstan,KGZ,Europe & Central Asia,Lower middle income,2016,5.57,4.47,5.84,0.042,12.01,2.2,0
Kyrgyzstan,KGZ,Europe & Central Asia,Lower middle income,2017,8.56,7.26,8.42,0.064,18.45,3.85,0
Kyrgyzstan,KGZ,Europe & Central Asia,Lower middle income,2018,8.17,7.02,9.65,0.061,16.54,4.89,0
Kyrgyzstan,KGZ,Europe & Central Asia,Lower middle income,2019,2.08,1.86,1.9,0.016,3.77,1.09,0
Kyrgyzstan,KGZ,Europe & Central Asia,Lower middle income,2020,15.12,15.3,17.98,0.113,25.67,8.81,0
Kyrgyzstan,KGZ,Europe & Central Asia,Lower middle income,2021,10.04,8.44,10.21,0.075,14.11,3.19,0
Kyrgyzstan,KGZ,Europe & Central Asia,Lower middle income,2022,6.71,5.96,7.41,0.05,14.38,2.36,0
Kyrgyzstan,KGZ,Europe & Central Asia,Lower middle income,2023,3.26,3.36,3.66,0.024,6.75,1.07,0
Kyrgyzstan,KGZ,Europe & Central Asia,Lower middle income,2024,5.54,4.61,6.06,0.042,7.57,2.63,0
Kyrgyzstan,KGZ,Europe & Central Asia,Lower middle income,2025,3.8,3.62,4.63,0.029,6.62,1.61,0
Romania,ROU,Europe & Central Asia,Upper middle income,2010,1.09,1.06,0.95,0.01,2.1,0.65,0
Romania,ROU,Europe & Central Asia,Upper middle income,2011,1.54,1.4,1.47,0.015,2.75,0.48,0
Romania,ROU,Europe & Central Asia,Upper middle income,2012,2.37,2.03,2.29,0.023,4.33,1.31,0
Romania,ROU,Europe & Central Asia,Upper middle income,2013,2.24,2.21,2.41,0.021,5.5,1.37,0
Romania,ROU,Europe & Central Asia,Upper middle income,2014,0.82,0.79,0.93,0.008,1.72,0.52,0
Romania,ROU,Europe & Central Asia,Upper middle income,2015,0.76,0.69,0.83,0.007,1.68,0.5,0
Romania,ROU,Europe & Central Asia,Upper middle income,2016,3.06,3.17,3.58,0.029,7.0,1.88,0
Romania,ROU,Europe & Central Asia,Upper middle income,2017,0.1,0.1,0.1,0.001,0.23,0.1,0
Romania,ROU,Europe & Central Asia,Upper middle income,2018,1.17,1.18,1.23,0.011,2.86,0.47,0
Romania,ROU,Europe & Central Asia,Upper middle income,2019,0.6,0.54,0.72,0.006,1.23,0.3,0
Romania,ROU,Europe & Central Asia,Upper middle income,2020,13.96,12.22,16.03,0.133,26.79,4.78,0
Romania,ROU,Europe & Central Asia,Upper middle income,2021,9.61,9.3,11.77,0.091,23.22,5.61,0
Romania,ROU,Europe & Central Asia,Upper middle income,2022,1.4,1.4,1.73,0.013,3.09,0.85,0
Romania,ROU,Europe & Central Asia,Upper middle income,2023,0.1,0.1,0.11,0.001,0.15,0.1,0
Romania,ROU,Europe & Central Asia,Upper middle income,2024,1.31,1.34,1.2,0.012,3.13,0.76,0
Romania,ROU,Europe & Central Asia,Upper middle income,2025,1.07,0.89,1.13,0.01,2.22,0.71,0
Germany,DEU,Europe & Central Asia,High income,2010,5.71,5.45,6.44,0.223,8.99,3.25,0
Germany,DEU,Europe & Central Asia,High income,2011,8.28,7.74,8.46,0.323,14.13,4.48,0
Germany,DEU,Europe & Central Asia,High income,2012,6.22,6.66,6.07,0.242,13.9,3.65,0
Germany,DEU,Europe & Central Asia,High income,2013,4.71,4.46,4.43,0.184,8.49,3.06,0
Germany,DEU,Europe & Central Asia,High income,2014,6.91,7.36,7.63,0.269,16.32,2.87,0
Germany,DEU,Europe & Central Asia,High income,2015,4.19,4.04,4.65,0.163,5.74,2.86,0
Germany,DEU,Europe & Central Asia,High income,2016,6.21,5.68,7.08,0.242,15.25,3.19,0
Germany,DEU,Europe & Central Asia,High income,2017,5.54,4.57,5.22,0.216,8.96,3.42,0
Germany,DEU,Europe & Central Asia,High income,2018,4.87,5.25,4.25,0.19,9.67,3.2,0
Germany,DEU,Europe & Central Asia,High income,2019,4.69,4.79,5.29,0.183,10.11,2.41,0
Germany,DEU,Europe & Central Asia,High income,2020,17.31,16.31,16.31,0.675,25.33,12.74,0
Germany,DEU,Europe & Central Asia,High income,2021,19.24,17.02,22.87,0.75,27.55,7.21,0
Germany,DEU,Europe & Central Asia,High income,2022,8.84,7.52,10.17,0.345,19.27,5.79,0
Germany,DEU,Europe & Central Asia,High income,2023,4.86,4.06,4.41,0.19,6.9,1.5,0
Germany,DEU,Europe & Central Asia,High income,2024,5.72,5.21,6.9,0.223,11.81,3.86,0
Germany,DEU,Europe & Central Asia,High income,2025,1.77,1.59,1.95,0.069,2.89,0.92,0
France,FRA,Europe & Central Asia,High income,2010,0.55,0.51,0.55,0.021,0.87,0.34,0
France,FRA,Europe & Central Asia,High income,2011,0.17,0.16,0.15,0.006,0.35,0.1,0
France,FRA,Europe & Central Asia,High income,2012,0.1,0.1,0.1,0.004,0.15,0.1,0
France,FRA,Europe & Central Asia,High income,2013,0.1,0.1,0.12,0.004,0.21,0.1,0
France,FRA,Europe & Central Asia,High income,2014,0.1,0.1,0.12,0.004,0.17,0.1,0
France,FRA,Europe & Central Asia,High income,2015,0.62,0.61,0.65,0.023,0.95,0.26,0
France,FRA,Europe & Central Asia,High income,2016,0.1,0.1,0.11,0.004,0.21,0.1,0
France,FRA,Europe & Central Asia,High income,2017,0.1,0.1,0.11,0.004,0.21,0.1,0
France,FRA,Europe & Central Asia,High income,2018,0.1,0.1,0.1,0.004,0.23,0.1,0
France,FRA,Europe & Central Asia,High income,2019,0.1,0.1,0.11,0.004,0.25,0.1,0
France,FRA,Europe & Central Asia,High income,2020,2.16,2.22,2.63,0.081,3.69,1.58,0
France,FRA,Europe & Central Asia,High income,2021,0.72,0.78,0.76,0.027,1.71,0.55,0
France,FRA,Europe & Central Asia,High income,2022,0.1,0.11,0.1,0.004,0.22,0.1,0
France,FRA,Europe & Central Asia,High income,2023,0.1,0.1,0.1,0.004,0.21,0.1,0
France,FRA,Europe & Central Asia,High income,2024,0.1,0.1,0.11,0.004,0.15,0.1,0
France,FRA,Europe & Central Asia,High income,2025,0.1,0.1,0.1,0.004,0.24,0.1,0
United Kingdom,GBR,Europe & Central Asia,High income,2010,0.6,0.54,0.6,0.022,1.08,0.43,0
United Kingdom,GBR,Europe & Central Asia,High income,2011,4.07,3.33,3.68,0.147,7.16,3.07,0
United Kingdom,GBR,Europe & Central Asia,High income,2012,2.45,2.42,2.64,0.088,5.41,0.93,0
United Kingdom,GBR,Europe & Central Asia,High income,2013,3.71,3.17,3.77,0.133,6.87,2.09,0
United Kingdom,GBR,Europe & Central Asia,High income,2014,0.6,0.53,0.56,0.022,1.38,0.18,0
United Kingdom,GBR,Europe & Central Asia,High income,2015,0.1,0.1,0.12,0.004,0.24,0.1,0
United Kingdom,GBR,Europe & Central Asia,High income,2016,1.97,1.82,1.98,0.071,3.28,0.71,0
United Kingdom,GBR,Europe & Central Asia,High income,2017,0.1,0.1,0.1,0.004,0.16,0.1,0
United Kingdom,GBR,Europe & Central Asia,High income,2018,1.0,1.05,1.17,0.036,2.43,0.62,0
United Kingdom,GBR,Europe & Central Asia,High income,2019,0.1,0.1,0.11,0.004,0.22,0.1,0
United Kingdom,GBR,Europe & Central Asia,High income,2020,6.48,6.74,7.75,0.233,15.91,4.26,0
United Kingdom,GBR,Europe & Central Asia,High income,2021,0.95,1.03,1.07,0.034,1.44,0.5,0
United Kingdom,GBR,Europe & Central Asia,High income,2022,0.1,0.1,0.12,0.004,0.24,0.1,0
United Kingdom,GBR,Europe & Central Asia,High income,2023,0.24,0.22,0.29,0.009,0.55,0.1,0
United Kingdom,GBR,Europe & Central Asia,High income,2024,0.1,0.11,0.11,0.004,0.22,0.1,0
United Kingdom,GBR,Europe & Central Asia,High income,2025,0.1,0.1,0.1,0.004,0.19,0.1,0
Poland,POL,Europe & Central Asia,High income,2010,1.45,1.52,1.5,0.028,2.66,0.8,0
Poland,POL,Europe & Central Asia,High income,2011,1.91,1.7,1.89,0.036,4.19,1.07,0
Poland,POL,Europe & Central Asia,High income,2012,0.1,0.1,0.1,0.002,0.19,0.1,0
Poland,POL,Europe & Central Asia,High income,2013,0.5,0.54,0.6,0.009,1.15,0.39,0
Poland,POL,Europe & Central Asia,High income,2014,0.1,0.1,0.12,0.002,0.13,0.1,0
Poland,POL,Europe & Central Asia,High income,2015,0.1,0.11,0.11,0.002,0.22,0.1,0
Poland,POL,Europe & Central Asia,High income,2016,0.1,0.1,0.12,0.002,0.2,0.1,0
Poland,POL,Europe & Central Asia,High income,2017,0.1,0.11,0.12,0.002,0.23,0.1,0
Poland,POL,Europe & Central Asia,High income,2018,0.1,0.1,0.11,0.002,0.16,0.1,0
Poland,POL,Europe & Central Asia,High income,2019,0.1,0.1,0.1,0.002,0.25,0.1,0
Poland,POL,Europe & Central Asia,High income,2020,3.39,2.8,3.04,0.064,5.18,1.85,0
Poland,POL,Europe & Central Asia,High income,2021,9.54,10.27,8.8,0.181,22.74,5.0,0
Poland,POL,Europe & Central Asia,High income,2022,0.1,0.1,0.1,0.002,0.13,0.1,0
Poland,POL,Europe & Central Asia,High income,2023,0.1,0.1,0.12,0.002,0.16,0.1,0
Poland,POL,Europe & Central Asia,High income,2024,0.1,0.1,0.1,0.002,0.23,0.1,0
Poland,POL,Europe & Central Asia,High income,2025,0.1,0.1,0.12,0.002,0.24,0.1,0
Finland,FIN,Europe & Central Asia,High income,2010,0.1,0.1,0.1,0.0,0.24,0.1,0
Finland,FIN,Europe & Central Asia,High income,2011,0.1,0.1,0.1,0.0,0.19,0.1,0
Finland,FIN,Europe & Central Asia,High income,2012,0.1,0.11,0.1,0.0,0.14,0.1,0
Finland,FIN,Europe & Central Asia,High income,2013,0.1,0.1,0.1,0.0,0.2,0.1,0
Finland,FIN,Europe & Central Asia,High income,2014,0.1,0.1,0.1,0.0,0.24,0.1,0
Finland,FIN,Europe & Central Asia,High income,2015,0.1,0.1,0.11,0.0,0.16,0.1,0
Finland,FIN,Europe & Central Asia,High income,2016,0.1,0.1,0.12,0.0,0.21,0.1,0
Finland,FIN,Europe & Central Asia,High income,2017,0.1,0.1,0.1,0.0,0.22,0.1,0
Finland,FIN,Europe & Central Asia,High income,2018,0.1,0.1,0.1,0.0,0.2,0.1,0
Finland,FIN,Europe & Central Asia,High income,2019,0.1,0.1,0.1,0.0,0.15,0.1,0
Finland,FIN,Europe & Central Asia,High income,2020,7.63,6.89,6.97,0.023,14.99,3.35,0
Finland,FIN,Europe & Central Asia,High income,2021,3.5,2.83,3.05,0.01,6.86,1.05,0
Finland,FIN,Europe & Central Asia,High income,2022,0.6,0.56,0.52,0.002,1.3,0.19,0
Finland,FIN,Europe & Central Asia,High income,2023,0.1,0.1,0.11,0.0,0.21,0.1,0
Finland,FIN,Europe & Central Asia,High income,2024,0.1,0.11,0.11,0.0,0.13,0.1,0
Finland,FIN,Europe & Central Asia,High income,2025,0.1,0.1,0.1,0.0,0.21,0.1,0
United States,USA,North America,High income,2010,3.1,2.58,3.1,0.613,7.12,2.42,0
United States,USA,North America,High income,2011,4.83,4.59,4.76,0.953,6.82,3.49,0
United States,USA,North America,High income,2012,2.81,2.83,2.84,0.555,4.5,1.02,0
United States,USA,North America,High income,2013,0.1,0.1,0.1,0.02,0.24,0.1,0
United States,USA,North America,High income,2014,0.1,0.11,0.11,0.02,0.19,0.1,0
United States,USA,North America,High income,2015,0.1,0.1,0.11,0.02,0.19,0.1,0
United States,USA,North America,High income,2016,4.63,4.16,5.4,0.914,7.01,1.62,0
United States,USA,North America,High income,2017,1.58,1.68,1.5,0.312,3.41,0.72,0
United States,USA,North America,High income,2018,0.1,0.1,0.11,0.02,0.25,0.1,0
United States,USA,North America,High income,2019,1.53,1.33,1.74,0.302,3.55,0.58,0
United States,USA,North America,High income,2020,8.5,6.93,8.58,1.678,17.67,3.66,0
United States,USA,North America,High income,2021,8.05,8.84,6.92,1.59,18.63,2.76,0
United States,USA,North America,High income,2022,3.21,2.89,4.01,0.633,7.11,1.8,0
United States,USA,North America,High income,2023,2.36,2.52,2.81,0.467,4.59,0.79,0
United States,USA,North America,High income,2024,0.1,0.1,0.12,0.02,0.18,0.1,0
United States,USA,North America,High income,2025,1.22,1.13,1.49,0.242,3.02,0.71,0
Canada,CAN,North America,High income,2010,1.17,1.26,1.46,0.023,1.96,0.48,0
Canada,CAN,North America,High income,2011,0.1,0.1,0.11,0.002,0.17,0.1,0
Canada,CAN,North America,High income,2012,1.67,1.83,1.67,0.033,3.67,1.29,0
Canada,CAN,North America,High income,2013,2.26,1.91,2.24,0.044,3.81,0.75,0
Canada,CAN,North America,High income,2014,0.35,0.38,0.4,0.007,0.75,0.27,0
Canada,CAN,North America,High income,2015,0.1,0.1,0.1,0.002,0.24,0.1,0
Canada,CAN,North America,High income,2016,1.65,1.8,1.65,0.032,2.48,1.32,0
Canada,CAN,North America,High income,2017,0.1,0.1,0.1,0.002,0.19,0.1,0
Canada,CAN,North America,High income,2018,0.1,0.1,0.11,0.002,0.17,0.1,0
Canada,CAN,North America,High income,2019,0.1,0.1,0.12,0.002,0.21,0.1,0
Canada,CAN,North America,High income,2020,8.22,8.97,7.53,0.16,19.16,5.9,0
Canada,CAN,North America,High income,2021,1.5,1.36,1.57,0.029,2.76,1.09,0
Canada,CAN,North America,High income,2022,0.1,0.1,0.1,0.002,0.18,0.1,0
Canada,CAN,North America,High income,2023,1.32,1.25,1.24,0.026,2.85,0.88,0
Canada,CAN,North America,High income,2024,0.1,0.1,0.1,0.002,0.15,0.1,0
Canada,CAN,North America,High income,2025,0.1,0.1,0.1,0.002,0.23,0.1,0
Australia,AUS,East Asia & Pacific,High income,2010,5.6,6.04,6.03,0.087,8.62,2.12,0
Australia,AUS,East Asia & Pacific,High income,2011,2.58,2.26,2.85,0.04,3.61,1.26,0
Australia,AUS,East Asia & Pacific,High income,2012,0.28,0.23,0.32,0.004,0.66,0.12,0
Australia,AUS,East Asia & Pacific,High income,2013,1.93,2.12,2.02,0.03,4.57,0.64,0
Australia,AUS,East Asia & Pacific,High income,2014,3.87,4.15,4.72,0.06,6.03,2.87,0
Australia,AUS,East Asia & Pacific,High income,2015,3.92,4.07,3.79,0.061,7.81,2.92,0
Australia,AUS,East Asia & Pacific,High income,2016,2.48,2.62,3.01,0.038,5.3,1.08,0
Australia,AUS,East Asia & Pacific,High income,2017,0.1,0.1,0.1,0.002,0.18,0.1,0
Australia,AUS,East Asia & Pacific,High income,2018,0.1,0.1,0.12,0.002,0.14,0.1,0
Australia,AUS,East Asia & Pacific,High income,2019,2.34,1.96,2.9,0.036,3.79,0.98,0
Australia,AUS,East Asia & Pacific,High income,2020,5.36,5.63,5.62,0.083,10.67,4.17,0
Australia,AUS,East Asia & Pacific,High income,2021,9.06,9.71,9.68,0.14,18.41,5.8,0
Australia,AUS,East Asia & Pacific,High income,2022,1.52,1.38,1.3,0.024,3.67,1.1,0
Australia,AUS,East Asia & Pacific,High income,2023,0.1,0.1,0.1,0.002,0.25,0.1,0
Australia,AUS,East Asia & Pacific,High income,2024,2.16,2.16,2.05,0.034,4.93,1.01,0
Australia,AUS,East Asia & Pacific,High income,2025,0.1,0.1,0.1,0.002,0.19,0.1,0
Japan,JPN,East Asia & Pacific,High income,2010,4.35,3.62,5.0,0.207,9.75,2.33,0
Japan,JPN,East Asia & Pacific,High income,2011,0.92,0.85,1.11,0.044,2.04,0.5,0
Japan,JPN,East Asia & Pacific,High income,2012,0.25,0.25,0.23,0.012,0.44,0.1,0
Japan,JPN,East Asia & Pacific,High income,2013,2.29,2.37,2.08,0.109,4.76,1.6,0
Japan,JPN,East Asia & Pacific,High income,2014,1.98,1.62,1.7,0.094,4.65,1.28,0
Japan,JPN,East Asia & Pacific,High income,2015,1.6,1.71,1.82,0.076,2.14,1.08,0
Japan,JPN,East Asia & Pacific,High income,2016,1.97,1.92,1.9,0.093,4.08,0.76,0
Japan,JPN,East Asia & Pacific,High income,2017,3.47,3.12,3.63,0.165,6.29,1.66,0
Japan,JPN,East Asia & Pacific,High income,2018,2.74,2.62,2.5,0.13,6.19,1.98,0
Japan,JPN,East Asia & Pacific,High income,2019,0.1,0.1,0.11,0.005,0.22,0.1,0
Japan,JPN,East Asia & Pacific,High income,2020,5.19,5.52,5.39,0.246,8.81,3.18,0
Japan,JPN,East Asia & Pacific,High income,2021,8.93,9.37,8.78,0.424,20.22,6.45,0
Japan,JPN,East Asia & Pacific,High income,2022,4.94,4.2,5.39,0.235,9.3,2.99,0
Japan,JPN,East Asia & Pacific,High income,2023,0.1,0.1,0.1,0.005,0.19,0.1,0
Japan,JPN,East Asia & Pacific,High income,2024,3.25,3.14,2.91,0.155,5.76,2.1,0
Japan,JPN,East Asia & Pacific,High income,2025,0.1,0.1,0.12,0.005,0.21,0.1,0
South Korea,KOR,East Asia & Pacific,High income,2010,1.89,1.85,1.69,0.039,2.6,0.63,0
South Korea,KOR,East Asia & Pacific,High income,2011,5.51,4.41,4.83,0.113,7.67,3.56,0
South Korea,KOR,East Asia & Pacific,High income,2012,2.67,2.8,2.3,0.055,4.05,2.12,0
South Korea,KOR,East Asia & Pacific,High income,2013,2.34,2.14,2.78,0.048,5.42,0.95,0
South Korea,KOR,East Asia & Pacific,High income,2014,3.66,3.14,3.95,0.075,5.62,1.53,0
South Korea,KOR,East Asia & Pacific,High income,2015,3.98,3.48,3.73,0.082,8.9,2.13,0
South Korea,KOR,East Asia & Pacific,High income,2016,3.83,3.38,3.66,0.079,9.31,1.9,0
South Korea,KOR,East Asia & Pacific,High income,2017,1.02,1.04,1.27,0.021,2.42,0.71,0
South Korea,KOR,East Asia & Pacific,High income,2018,3.13,2.65,3.02,0.064,7.62,2.35,0
South Korea,KOR,East Asia & Pacific,High income,2019,2.52,2.38,2.84,0.052,4.73,1.22,0
South Korea,KOR,East Asia & Pacific,High income,2020,17.2,17.65,14.9,0.353,27.07,12.38,0
South Korea,KOR,East Asia & Pacific,High income,2021,5.85,5.57,5.22,0.12,10.46,3.11,0
South Korea,KOR,East Asia & Pacific,High income,2022,4.15,4.26,4.31,0.085,5.83,1.66,0
South Korea,KOR,East Asia & Pacific,High income,2023,1.94,2.13,2.26,0.04,4.13,0.84,0
South Korea,KOR,East Asia & Pacific,High income,2024,2.4,2.07,2.27,0.049,5.79,0.77,0
South Korea,KOR,East Asia & Pacific,High income,2025,1.73,1.54,1.99,0.035,4.14,0.66,0
Singapore,SGP,East Asia & Pacific,High income,2010,2.23,2.35,2.73,0.006,4.76,0.69,0
Singapore,SGP,East Asia & Pacific,High income,2011,3.02,2.56,3.07,0.008,6.86,1.06,0
Singapore,SGP,East Asia & Pacific,High income,2012,2.86,3.0,2.89,0.007,4.59,1.03,0
Singapore,SGP,East Asia & Pacific,High income,2013,5.3,5.59,5.74,0.013,10.26,3.63,0
Singapore,SGP,East Asia & Pacific,High income,2014,2.33,2.28,2.75,0.006,3.81,0.87,0
Singapore,SGP,East Asia & Pacific,High income,2015,2.65,2.57,3.21,0.007,6.45,1.34,0
Singapore,SGP,East Asia & Pacific,High income,2016,1.72,1.87,1.74,0.004,3.45,0.57,0
Singapore,SGP,East Asia & Pacific,High income,2017,1.35,1.19,1.6,0.003,2.53,0.58,0
Singapore,SGP,East Asia & Pacific,High income,2018,2.85,2.4,3.28,0.007,4.78,1.97,0
Singapore,SGP,East Asia & Pacific,High income,2019,0.1,0.1,0.1,0.0,0.19,0.1,0
Singapore,SGP,East Asia & Pacific,High income,2020,15.7,14.08,17.05,0.039,33.06,6.0,0
Singapore,SGP,East Asia & Pacific,High income,2021,14.98,14.37,18.17,0.037,23.49,10.9,0
Singapore,SGP,East Asia & Pacific,High income,2022,4.0,3.34,4.85,0.01,5.74,2.35,0
Singapore,SGP,East Asia & Pacific,High income,2023,1.14,1.25,1.41,0.003,2.43,0.76,0
Singapore,SGP,East Asia & Pacific,High income,2024,0.93,1.0,0.96,0.002,1.43,0.36,0
Singapore,SGP,East Asia & Pacific,High income,2025,0.26,0.26,0.29,0.001,0.5,0.14,0
